"","typ","typology","hhID","district","Variety","cc.catg.str","years_since_planted","cc.production.cycle","cm.plot.monocrop.bool","cc_yield_fn_Mg_per_ha","yld_pc_attain_plot","weeds_per_year","prunes_per_year","fert_bool","fungi.app.cocoa","insecti.app.cocoa","herbi.app.cocoa","pollination.bool","ccoa_spread_pods","ccoa_piled_pods","ccoa_passive_pods","ccoa_apply_mnr_farm","ccoa_apply_mnr_bought","ccoa_apply_mnr_anywhere","ccoa_apply_cmp","tree.count.per.ha","tree.config.cocoa","plot.overstory.crown","other.tree.to.cm.tree.ratio","shade.tree.to.cm.tree.ratio","plot.quant.shade.trees.ha","plot.quant.large.shade.trees.ha","num_other_tree_crops","num_other_root_grain_crops","plot.quant.trees.per.ha.greater.than.50.m","plot.quant.trees.per.ha.greater.than.35.m","plot.quant.trees.per.ha.greater.than.20.m","detect.bool.blackpod","detect.bool.capsid","detect.bool.stemborer","detect.bool.rodents","detect.bool.CSSVD","detect.bool.stemcanker","detect.bool.other","path.contr.cc.vir.org","path.contr.cc.bact.org","path.contr.cc.fung.org","path.contr.cc.insect.org","path.contr.cc.vir.syn","path.contr.cc.bact.syn","path.contr.cc.fung.syn","path.contr.cc.insect.syn","path.contr.tot.org","path.contr.tot.syn","frac.tot.paths.controlled.syn","frac.tot.paths.controlled.org","quant.paths","quant.paths.fungal","quant.paths.viral","quant.paths.bacterial","quant.paths.insect","total_N_fert_applied_Mg_per_ha","total_non_N_fert_applied_Mg_per_ha","total_fert_applied_Mg_per_ha","total.hi.labor.days.per.year.per.ha","domn_soil","water.log.bool","water.logged","Elevation.m.asl","Temperature","Rainfall","Temp.mean.max.month","Rainfall.cv"
"4",1,"Amazonia","v36_4",1,"Amazonia","Amazonia",17,30,0,0.373919286,33.5353581046122,3.5,1,1,1,1,1,0,0,1,0,0,0,0,0,988.79,1,35,0.0224719101123595,0.0168539325842697,16.665,12.49875,2,0,11.11,0,22.22,1,0,0,0,0,0,0,0,1,0,0,0,1,0,0,1,1,1,1,1,0,0,1,0,0,0.3706575,0.3706575,0,2,0,1,161,26,30,32.2999992370605,47.6695556640625
"5",2,"Amazonia","v36_5",1,"Amazonia","Amazonia",22,30,1,0.539034847,40.2381028215037,1.5,2,1,1,1,1,0,0,1,0,0,0,0,0,1210.99,1,25,0.0275229357798165,0.0206422018348624,24.9975,18.748125,0,0,22.22,0,33.33,1,1,1,0,0,1,0,0,0,0,0,1,1,0,0,0,2,1,0,1,0,1,1,0,0.3706575,0,0.3706575,0,1,0,1,161,26,30,32.2999992370605,47.6695556640625
"7",1,"Hybrid sun","v36_7",1,"Hybrid","Hybrid sun",10,24,1,0.165758034,6.73169959410644,1.5,1,0,0,1,1,0,0,0,0,0,0,0,0,877.69,3,35,0.126582278481013,0,0,0,0,0,0,11.11,0,1,1,0,0,0,0,0,0,0,0,0,1,0,0,0,0,1,1,0,1,0,1,0,0,0,0,0,142.33248,5,1,3,161,26,30,32.2999992370605,47.6695556640625
"9",1,"Hybrid sun","v36_9",1,"Hybrid","Hybrid sun",12,24,0,0.371991867,14.1548137052904,1.5,1,0,0,1,1,0,0,1,0,0,0,0,0,1111,3,0,0,0,0,0,2,0,0,0,0,1,1,0,0,0,0,0,0,0,0,0,1,0,0,0,0,1,1,0,1,0,1,0,0,0,0,0,0,3,0,1,161,26,30,32.2999992370605,47.6695556640625
"10",2,"Amazonia","v36_10",1,"Amazonia","Amazonia",26,30,0,0.289755323,21.7884803174027,1.5,1,0,1,1,1,0,0,1,0,0,0,0,0,988.79,1,35,0.0449438202247191,0.0299625468164794,29.6266666666667,19.7511111111111,2,0,0,0,44.44,1,1,0,0,0,0,0,0,0,0,0,1,1,0,0,0,2,1,0,1,0,1,1,0,0,0,0,0,3,0,1,161,26,30,32.2999992370605,47.6695556640625
"14",1,"Hybrid shade","v36_14",1,"Hybrid","Hybrid shade",12,24,0,0.289755323,15.0497163255159,3.5,1,1,1,1,1,0,0,1,1,0,0,0,0,1166.55,1,25,0.019047619047619,0.0142857142857143,16.665,12.49875,1,1,11.11,0,22.22,1,1,0,0,0,0,0,0,0,0,0,1,1,0,0,0,2,1,0,1,0,1,1,0,0.3706575,0,0.3706575,0,2,0,1,167,25.8999996185303,30,32.2999992370605,47.4785766601562
"17",1,"Hybrid sun","v36_17",1,"Hybrid","Hybrid sun",7,24,1,0.207518779,13.7899904469118,3.5,2,0,0,1,0,0,0,0,0,0,0,0,0,1244.32,3,0,0,0,0,0,0,0,0,0,0,1,1,0,0,0,0,0,0,0,0,0,1,0,0,0,0,1,1,0,1,0,1,0,0,0,0,0,415.1364,4,0,1,161,26,30,32.2999992370605,47.6695556640625
"18",1,"Amazonia","v36_18",1,"Amazonia","Amazonia",20,30,1,0.123997289,9.65965735738768,4.5,1,1,1,1,0,0,0,1,1,0,0,0,0,1399.86,1,45,0.0158730158730159,0,NA,NA,0,0,0,0,0,1,0,0,0,0,0,0,0,1,0,0,0,1,0,0,1,1,1,1,1,0,0,1,0,0,0.3706575,0.3706575,0,2,0,1,161,26,30,32.2999992370605,47.6695556640625
"19",1,"Amazonia","v36_19",1,"Amazonia","Amazonia",7,30,0,0.123997289,69.1867208342086,4.5,1,1,1,1,1,0,0,1,1,0,0,0,0,1033.23,1,15,0.010752688172043,0.0053763440860215,5.555,0,2,0,0,0,11.11,1,0,0,0,0,0,0,0,1,0,0,0,1,0,0,1,1,1,1,1,0,0,1,0,0,0.3706575,0.3706575,0,2,0,1,161,26,30,32.2999992370605,47.6695556640625
"21",2,"Hybrid sun","v36_21",1,"Hybrid","Hybrid sun",15,24,0,0.906529403,39.7253721572644,1.5,2,1,1,1,0,0,0,1,0,0,0,0,0,1088.78,1,0,0,0,0,0,1,0,0,0,0,1,1,0,0,0,0,0,0,0,0,0,1,1,0,0,0,2,1,0,1,0,1,1,0,0,0.3706575,0.3706575,50.8330285714286,3,0,1,154,26,29,32.2999992370605,47.7244911193848
"22",2,"Hybrid shade","v36_22",1,"Hybrid","Hybrid shade",6,24,1,0.082879017,11.0946894180849,3.5,1,0,1,1,0,0,0,1,1,0,0,0,0,833.25,2,5,0.0266666666666667,0.0266666666666667,22.22,22.22,0,0,0,11.11,11.11,1,1,0,0,0,0,0,0,0,0,0,1,1,0,0,0,2,1,0,3,0,1,1,0,0,0,0,0,3,1,3,154,26,29,32.2999992370605,47.7244911193848
"23",3,"Hybrid sun","v36_23",1,"Hybrid","Hybrid sun",17,24,0,1.237402998,66.6355092848982,1.5,2,0,0,1,1,0,0,1,1,0,0,0,0,1088.78,3,0,0,0,0,0,0,1,0,0,0,0,1,0,0,0,0,0,0,0,0,0,1,0,0,0,0,1,1,0,2,0,1,0,0,0,0,0,0,3,0,1,161,26,30,32.2999992370605,47.6695556640625
"27",3,"Amazonia","v36_27",1,"Amazonia","Amazonia",15,30,0,0.124639762,13.1182497879942,1.5,1,0,0,1,1,0,0,1,1,0,0,0,0,1255.43,1,45,0.0265486725663717,0.015929203539823,19.998,15.9984,2,1,0,22.22,22.22,0,1,0,0,0,0,0,0,0,0,0,1,0,0,0,0,1,1,0,1,0,1,0,0,0,0,0,0,3,0,1,161,26,30,32.2999992370605,47.6695556640625
"31",3,"Hybrid shade","v36_31",1,"Hybrid","Hybrid shade",12,24,0,0.577583227,29.9993236732568,0,1,0,1,1,0,0,0,0,0,0,0,0,0,1922.03,1,15,0.0115606936416185,0.00770712909441233,14.8133333333333,9.87555555555556,2,1,11.11,0,11.11,1,0,0,0,0,0,0,0,1,0,0,0,1,0,0,1,1,1,1,1,0,0,1,0,0,0,0,0,1,0,1,151,26.1000003814697,28,32.5,47.8130760192871
"35",4,"Hybrid sun","v36_35",1,"Hybrid","Hybrid sun",10,24,1,0.1448776615,5.88371418012016,3.5,0.5,0,1,1,1,0,0,1,1,0,0,0,0,1233.21,1,0,0,0,0,0,0,0,0,0,0,1,1,0,0,0,0,0,0,0,0,0,1,1,0,0,0,2,1,0,1,0,1,1,0,0,0,0,0,2,1,3,151,26.1000003814697,28,32.5,47.8130760192871
"36",1,"Amazonia","v36_36",1,"Amazonia","Amazonia",15,30,1,0.165115561,17.3782999768789,3.5,3.5,0,1,1,1,0,0,1,1,0,0,0,0,988.79,1,25,0.0112359550561798,0,NA,NA,0,0,0,0,0,1,1,0,0,0,0,0,0,0,0,0,0,0,0,0,0,0,NA,NA,1,0,0,0,0,0,0,0,0,2,0,1,151,26.1000003814697,28,32.5,47.8130760192871
"37",3,"Amazonia","v36_37",1,"Amazonia","Amazonia",50,30,1,0.123997289,38.3218147726245,3.5,1,1,0,1,1,0,0,0,0,0,0,0,0,1122.11,1,0,0,0,0,0,0,0,0,0,0,1,1,0,0,0,0,0,0,0,0,0,1,1,0,0,0,2,1,0,2,0,1,1,0,0.2223945,0,0.2223945,49.421,3,0,1,151,26.1000003814697,28,32.5,47.8130760192871
"39",1,"Hybrid sun","v36_39",1,"Hybrid","Hybrid sun",9,24,1,0.0619986445,2.78249142382518,3.5,1,0,0,1,1,0,0,0,0,0,0,0,0,1088.78,1,0,0,0,0,0,0,0,0,0,0,1,1,0,0,0,0,0,0,0,0,0,1,1,0,0,0,2,1,0,1,0,1,1,0,0,0,0,0,4,0,1,151,26.1000003814697,28,32.5,47.8130760192871
"40",3,"Amazonia","v36_40",1,"Amazonia","Amazonia",15,30,0,0.617416553,64.982670341559,3.5,1,0,0,1,0,0,0,1,1,0,0,0,0,911.02,1,25,0.024390243902439,0,NA,NA,2,1,0,0,0,0,0,0,0,0,0,0,0,0,0,0,0,0,0,0,0,0,NA,NA,1,0,0,0,0,0,0,0,0,2,0,1,151,26.1000003814697,28,32.5,47.8130760192871
"47",1,"Hybrid shade","v36_47",1,"Hybrid","Hybrid shade",14,24,1,0.291040269,13.8052277153207,3.5,1,0,1,1,1,0,0,0,0,0,0,0,0,1377.64,1,5,0.0241935483870968,0.0120967741935484,16.665,8.3325,0,0,0,0,22.22,1,1,0,0,0,0,0,0,0,0,0,1,1,0,0,0,2,1,0,1,0,1,1,0,0,0,0,0,4,0,1,151,26.1000003814697,28,32.5,47.8130760192871
"48",3,"Amazonia","v36_48",1,"Amazonia","Amazonia",15,30,1,0.207518779,21.8412096985677,1.5,1,1,0,1,0,0,0,0,0,0,0,0,0,1322.09,1,5,0.00840336134453781,0.00420168067226891,5.555,0,0,0,11.11,0,0,1,1,0,0,0,0,0,0,0,0,0,1,0,0,0,0,1,1,0,1,0,1,0,0,0.26934445,0,0.26934445,29.6526,4,0,1,151,26.1000003814697,28,32.5,47.8130760192871
"53",4,"Hybrid sun","v36_53",1,"Hybrid","Hybrid sun",16,24,0,0.165115561,7.94686038836554,3.5,1,0,1,1,1,0,0,1,0,0,0,0,0,1244.32,1,0,0,0,0,0,2,0,0,0,0,1,1,0,0,0,0,0,0,0,0,0,1,1,0,0,0,2,1,0,2,0,1,1,0,0,0,0,0,1,0,1,151,26.1000003814697,28,32.5,47.8130760192871
"54",2,"Hybrid sun","v36_54",1,"Hybrid","Hybrid sun",18,24,0,0.3716706305,22.7657881316751,3.5,1,1,1,1,0,0,0,1,0,0,0,0,0,1155.44,1,0,0,0,0,0,2,0,0,0,0,1,1,0,0,0,0,0,0,0,0,0,1,1,0,0,0,2,1,0,1,0,1,1,0,0.3706575,0,0.3706575,133.4367,3,0,1,151,26.1000003814697,28,32.5,47.8130760192871
"60",3,"Hybrid sun","v36_60",1,"Hybrid","Hybrid sun",17,24,0,0.123997289,6.67739007891244,1.5,1,0,0,0,1,0,0,1,1,0,0,0,0,922.13,1,15,0.0120481927710843,0.00602409638554217,5.555,0,2,1,0,0,11.11,0,0,0,0,0,0,0,0,0,0,0,0,0,0,0,0,0,NA,NA,1,0,0,0,0,0,0,0,0,2,0,1,151,26.1000003814697,28,32.5,47.8130760192871
"61",3,"Amazonia","v36_61",1,"Amazonia","Amazonia",25,30,0,0.123997289,9.21452346788252,1.5,1,0,0,1,1,0,0,1,1,0,0,0,0,1410.97,1,45,0.0236220472440945,0.0141732283464567,19.998,15.9984,0,1,0,22.22,33.33,0,0,0,0,0,0,0,0,0,0,0,0,0,0,0,0,0,NA,NA,1,0,0,0,0,0,0,0,0,2,0,1,149,26.1000003814697,28,32.5,48.0644264221191
"95",3,"Amazonia","v36_95",1,"Amazonia","Amazonia",21,30,0,0.185674697,14.0961335180755,3.5,1,1,0,1,0,0,0,1,1,0,0,0,0,1199.88,1,0,0,0,0,0,4,1,0,0,0,0,1,0,0,0,0,0,0,0,0,0,1,0,0,0,0,1,1,0,1,0,1,0,0,0.00247105,0,0.00247105,0,3,0,1,142,26.1000003814697,28,32.5999984741211,47.9180068969727
"123",2,"Amazonia","v36_123",1,"Amazonia","Amazonia",24,30,1,0.288470377,21.3187045749328,1.5,1,1,1,1,1,0,0,1,1,0,0,0,0,1344.31,1,5,0.0247933884297521,0.012396694214876,16.665,12.49875,0,0,11.11,11.11,11.11,1,1,0,0,0,0,0,0,0,0,0,1,1,0,0,0,2,1,0,1,0,1,1,0,0.345947,0,0.345947,0,3,0,1,159,26,26,32.5,48.0324172973633
"124",4,"Hybrid sun","v36_124",1,"Hybrid","Hybrid sun",28,24,1,0.1448776615,59.53974610226,1.5,1,0,1,1,1,0,0,1,1,0,0,0,0,1155.44,1,5,0.0192307692307692,0,0,0,0,0,0,11.11,0,1,1,0,0,0,0,0,0,0,0,0,1,1,0,0,0,2,1,0,1,0,1,1,0,0,0,0,52.7157333333333,3,0,1,159,26,26,32.5,47.960693359375
"125",2,"Hybrid sun","v36_125",1,"Hybrid","Hybrid sun",10,24,1,0.454228411,18.446944236563,1.5,1,0,1,0,0,0,0,1,1,0,0,0,0,844.36,1,25,0.0131578947368421,0.00657894736842105,5.555,0,0,0,0,0,11.11,1,1,0,0,0,0,0,1,0,0,0,1,1,0,0,1,2,1,0.5,1,0,1,1,0,0,0,0,0,1,0,1,159,26,26,32.5,48.0324172973633
"127",2,"Hybrid sun","v36_127",1,"Hybrid","Hybrid sun",10,24,1,0.165115561,6.70560773521456,3.5,1,0,1,1,0,0,0,1,1,0,0,0,0,1333.2,1,5,0.00833333333333333,0.00416666666666667,5.555,0,0,0,0,0,11.11,1,1,0,0,0,0,0,0,0,0,0,1,1,0,0,0,2,1,0,2,0,1,1,0,0,0,0,0,2,0,1,171,26,27,32.5,47.7967758178711
"129",1,"Amazonia","v36_129",1,"Amazonia","Amazonia",10,30,1,0.062319881,14.0797913781203,1.5,2,0,1,1,0,0,0,1,1,0,0,0,0,1088.78,1,5,0.0510204081632653,0.0255102040816327,27.775,13.8875,0,0,0,0,33.33,1,1,0,0,0,0,0,0,0,0,0,1,1,0,0,0,2,1,0,1,0,1,1,0,0,0,0,0,1,1,3,159,26,26,32.5,48.0324172973633
"132",1,"Amazonia","v36_132",1,"Amazonia","Amazonia",20,30,1,0.620628918,48.3483368250596,1.5,1,1,1,1,1,0,0,0,0,0,0,0,0,944.35,1,5,0.0117647058823529,0,NA,NA,0,0,0,0,0,1,0,0,0,0,0,0,0,1,0,0,0,1,0,0,1,1,1,1,1,0,0,1,0,0.0148263,0,0.0148263,0,1,0,1,159,26,26,32.5,47.960693359375
"133",1,"Amazonia","v36_133",1,"Amazonia","Amazonia",20,30,1,0.0330231122,2.57257195942864,1.5,1,0,1,1,0,0,0,0,0,0,0,0,0,777.7,1,5,0.0142857142857143,0.00714285714285714,5.555,0,0,0,11.11,0,0,1,0,0,0,0,0,0,0,0,0,0,0,0,0,0,0,0,NA,NA,1,0,0,0,0,0,0,0,0,1,0,1,159,26,26,32.5,47.960693359375
"142",1,"Amazonia","v36_142",1,"Amazonia","Amazonia",28,30,1,0.825577805,64.6578566415387,1.5,0.5,1,1,1,0,0,0,1,1,0,0,0,0,866.58,1,25,0.0128205128205128,0,NA,NA,0,0,0,0,0,1,1,0,0,0,0,0,0,0,0,0,0,0,0,0,0,0,NA,NA,1,0,0,0,0,0,0.3706575,0.3706575,0,1,0,1,159,26,26,32.5,47.960693359375
"144",1,"Amazonia","v36_144",1,"Amazonia","Amazonia",23,30,1,0.619986445,45.8782842137615,1.5,2,1,1,1,0,0,0,1,1,0,0,0,0,755.48,1,0,0,0,0,0,0,0,0,0,0,1,1,0,0,0,0,0,0,0,0,0,1,1,0,0,0,2,1,0,1,0,1,1,0,0.3706575,0,0.3706575,0,1,0,1,159,26,26,32.5,48.0324172973633
"152",3,"Hybrid shade","v36_152",1,"Hybrid","Hybrid shade",12,24,0,0.166400507,8.64274174791269,1.5,1,0,1,1,1,0,0,1,1,0,0,0,0,1533.18,1,35,0.0144927536231884,0.0108695652173913,16.665,12.49875,2,1,11.11,0,22.22,1,0,0,0,0,0,0,0,1,0,0,0,1,0,0,1,1,1,1,1,0,0,1,0,0,0,0,0,3,0,1,168,26,26,32.5,47.9437561035156
"155",1,"Amazonia","v36_155",1,"Amazonia","Amazonia",24,30,0,1.04080626,76.9182659496462,4.5,3.5,1,1,1,1,0,0,1,1,0,0,0,0,1433.19,1,35,0.0155038759689922,0.00930232558139535,13.332,10.6656,2,1,0,22.22,22.22,1,0,0,0,0,0,0,0,1,0,0,0,1,0,0,1,1,1,1,1,0,0,1,0,0,0.3706575,0.3706575,197.684,2,0,1,159,26,26,32.5,48.0324172973633
"158",4,"Hybrid sun","v36_158",1,"Hybrid","Hybrid sun",8,24,1,0.206876306,10.8833681199425,1.5,1,1,1,1,1,0,0,1,1,0,0,0,0,1099.89,1,0,0,0,0,0,0,0,0,0,0,1,1,0,0,0,0,0,0,0,0,0,1,1,0,0,0,2,1,0,1,0,1,1,0,0.3706575,0,0.3706575,0,1,0,1,159,26,26,32.5,48.0324172973633
"159",1,"Amazonia","v36_159",1,"Amazonia","Amazonia",28,30,1,1.03438153,81.0110110450407,3.5,2,0,1,1,1,0,0,1,1,0,0,0,0,622.16,1,25,0.0178571428571429,0,0,0,0,0,0,11.11,0,1,1,0,0,0,0,0,0,0,0,0,0,0,0,0,0,0,NA,NA,1,0,0,0,0,0,0,0,0,2,0,1,159,26,26,32.5,48.0324172973633
"162",1,"Hybrid shade","v36_162",1,"Hybrid","Hybrid shade",43,24,1,0.206233833,67.9961327022971,3.5,2,0,1,1,1,0,0,1,1,0,0,0,0,666.6,1,15,0.05,0.0333333333333333,22.22,14.8133333333333,0,0,11.11,0,11.11,1,1,0,1,0,0,0,0,0,0,0,1,1,0,0,0,2,1,0,2,0,1,1,0,0,0,0,0,2,0,1,171,26,27,32.5,47.7967758178711
"166",2,"Hybrid shade","v36_166",1,"Hybrid","Hybrid shade",18,24,1,0.0619986445,2.8975189459931,1.5,1,0,0,0,0,0,0,1,1,0,0,0,0,711.04,1,5,0.03125,0.0208333333333333,14.8133333333333,9.87555555555556,0,0,11.11,0,11.11,1,1,0,0,0,0,0,0,0,0,0,0,0,0,0,0,0,NA,NA,4,0,0,0,0,0,0,0,0,3,0,1,159,26,26,32.5,47.960693359375
"196",1,"Hybrid shade","v36_196",1,"Hybrid","Hybrid shade",34,24,1,0.621913864,80.6333842164338,1.5,1,1,1,1,1,1,0,1,1,0,0,0,0,866.58,1,5,0.0384615384615385,0.0230769230769231,19.998,15.9984,0,0,11.11,22.22,22.22,1,1,0,0,0,0,0,0,0,0,0,1,1,0,0,0,2,1,0,2,0,1,1,0,0.49421,0,0.49421,0,2,0,1,159,26,26,32.5,47.960693359375
"224",5,"Hybrid sun","v36_224",1,"Hybrid","Hybrid sun",16,24,0,0.498559048,23.9951893438586,3.5,1,1,1,1,0,0,0,1,1,0,0,0,0,1099.89,3,0,0,0,0,0,2,0,0,0,0,1,0,0,0,0,0,0,0,0,0,0,0,1,0,0,0,1,1,0,1,0,0,1,0,0,0.98842,0.98842,0,2,0,1,184,25.8999996185303,24,32.4000015258789,48.5120277404785
"228",1,"Amazonia","v36_228",1,"Amazonia","Amazonia",16,30,1,0.415037558,40.0146162027892,3.5,1,1,1,1,0,0,0,1,0,0,0,0,0,1277.65,1,25,0.00869565217391304,0.00434782608695652,5.555,0,0,0,0,0,11.11,0,0,0,0,0,0,0,0,0,0,0,0,0,0,0,0,0,NA,NA,1,0,0,0,0,0,0,0.3706575,0,3,0,1,182,26,25,32.4000015258789,48.583683013916
"262",3,"Hybrid shade","v36_262",1,"Hybrid","Hybrid shade",12,24,1,0.619986445,32.2017211843079,0,1,0,1,1,0,0,0,0,0,0,0,0,0,1944.25,3,15,0.0114285714285714,0.00761904761904762,14.8133333333333,9.87555555555556,0,0,0,11.11,11.11,0,0,0,0,0,0,0,0,0,0,0,0,0,0,0,0,0,NA,NA,1,0,0,0,0,0,0,0,0,1,0,1,201,25.7999992370605,23,32.2000007629395,48.6964149475098
"269",2,"Hybrid sun","v36_269",1,"Hybrid","Hybrid sun",23,24,0,0.331516068,46.8907788911603,1.5,2,1,1,1,0,0,0,0,0,0,0,0,0,1433.19,1,25,0.00775193798449612,0.00387596899224806,5.555,0,1,2,0,0,11.11,0,1,0,0,0,0,0,0,0,0,0,1,0,0,0,0,1,1,0,1,0,1,0,0,0,0.3706575,0.3706575,0,3,0,1,202,25.7999992370605,23,32.2000007629395,48.7224769592285
"270",2,"Hybrid sun","v36_270",1,"Hybrid","Hybrid sun",20,24,1,0.578868173,47.8652586771042,1.5,2,1,1,1,0,0,0,0,0,0,0,0,0,1455.41,1,0,0,0,0,0,0,0,0,0,0,0,1,0,0,0,0,0,0,0,0,0,1,0,0,0,0,1,1,0,1,0,1,0,0,0,0.3706575,0.3706575,0,1,0,1,202,25.7999992370605,23,32.2000007629395,48.7224769592285
"304",1,"Hybrid shade","v36_304",1,"Hybrid","Hybrid shade",16,24,0,0.825577805,37.9862183974086,1.5,2,1,1,1,1,0,0,0,0,0,0,0,0,1099.89,1,5,0.0303030303030303,0.0202020202020202,22.22,22.22,3,3,0,44.44,22.22,1,1,0,0,0,0,0,0,0,0,0,1,1,0,0,0,2,1,0,1,0,1,1,0,0,2.5946025,2.5946025,0,4,0,1,198,25.7999992370605,23,32.2999992370605,49.0510520935059
"348",2,"Hybrid sun","v35_10",2,"Hybrid","Hybrid sun",5,24,1,0.0832002535,12.2623343941344,3.5,1,0,1,1,0,0,0,0,0,0,0,0,0,1733.16,1,0,0,0,0,0,0,0,0,0,0,0,1,0,0,0,0,0,0,0,0,0,1,0,0,0,0,1,1,0,1,0,1,0,0,0,0,0,0,3,0,1,231,25.3999996185303,30,31.6000003814697,47.7579498291016
"353",4,"Amazonia","v35_15",2,"Amazonia","Amazonia",20,30,1,0.123997289,9.65965735738768,3.5,2,0,1,1,0,0,0,0,0,0,0,0,0,1733.16,1,25,0.0192307692307692,0.00961538461538462,16.665,8.3325,0,0,0,0,11.11,1,0,0,0,0,0,0,0,1,0,0,0,1,0,0,1,1,1,1,1,0,0,1,0,0,0,0,0,4,0,1,220,25.5,30,31.7000007629395,47.8671226501465
"354",2,"Hybrid shade","v35_16",2,"Hybrid","Hybrid shade",10,24,0,0.619986445,38.2876785716797,3.5,2,0,1,1,0,0,0,0,0,0,0,0,0,1422.08,1,25,0.015625,0.0104166666666667,14.8133333333333,9.87555555555556,0,1,11.11,0,11.11,1,0,0,0,0,0,0,0,1,0,0,0,1,0,0,1,1,1,1,1,0,0,1,0,0,0,0,0,1,0,1,220,25.5,30,31.7000007629395,47.8671226501465
"361",5,"Hybrid sun","v35_23",2,"Hybrid","Hybrid sun",15,24,1,0.123997289,5.43373269054006,3.5,1,0,1,1,0,0,0,0,0,0,0,0,0,444.4,1,15,0.025,0.0125,5.555,0,0,0,0,0,11.11,1,0,0,0,0,0,0,0,0,0,0,0,1,0,0,0,1,1,0,1,0,0,1,0,0,0,0,988.42,2,0,1,231,25.3999996185303,30,31.6000003814697,47.7579498291016
"362",5,"Hybrid sun","v35_24",2,"Hybrid","Hybrid sun",10,24,1,0.082879017,3.36584979705322,3.5,1,0,1,1,0,0,0,0,0,0,0,0,0,899.91,1,35,0,0,0,0,0,0,0,0,0,1,0,0,0,0,0,0,0,0,0,0,0,1,0,0,0,1,1,0,1,0,0,1,0,0,0,0,0,3,0,1,231,25.3999996185303,30,31.6000003814697,47.7579498291016
"373",4,"Amazonia","v35_35",2,"Amazonia","Amazonia",16,30,0,0.825577805,79.5956374931644,1.5,1,1,1,1,0,0,0,0,0,0,0,0,0,1199.88,1,5,0.0185185185185185,0,NA,NA,1,0,0,0,0,1,0,0,0,0,0,0,0,1,0,0,0,1,0,0,1,1,1,1,1,0,0,1,0,0,0.3706575,0.3706575,0,4,0,1,264,25.2000007629395,31,31.2999992370605,47.4805183410645
"379",3,"Hybrid shade","v35_41",2,"Hybrid","Hybrid shade",7,24,0,0.330231122,33.7216760327304,3.5,1,1,1,1,1,0,0,0,0,0,0,0,0,1099.89,1,45,0.0404040404040404,0.0202020202020202,22.22,11.11,0,1,0,0,11.11,1,0,0,0,0,0,0,0,0,0,0,0,0,0,0,0,0,NA,NA,1,0,0,0,0,0,0.741315,0.741315,6.177625,3,0,1,208,25.6000003814697,29,31.8999996185303,48.2114143371582
"380",2,"Hybrid shade","v35_42",2,"Hybrid","Hybrid shade",11,24,1,1.24639762,69.7387642069338,3.5,1,1,1,1,0,0,0,0,0,0,0,0,0,788.81,3,5,0.0422535211267606,0.0211267605633803,16.665,8.3325,0,0,0,0,22.22,1,1,0,0,0,0,0,0,0,0,0,1,1,0,0,0,2,1,0,1,0,1,1,0,0.03212365,0,0.03212365,0,4,0,1,217,25.5,29,31.7999992370605,48.0935287475586
"386",3,"Hybrid shade","v35_48",2,"Hybrid","Hybrid shade",20,24,1,0.329588649,16.2243552540338,1.5,2,1,1,1,1,0,0,0,0,0,0,0,0,1522.07,1,35,0.0145985401459854,0.0097323600973236,14.8133333333333,14.8133333333333,0,0,0,22.22,11.11,1,0,0,0,0,0,0,0,1,0,0,0,1,0,0,1,1,1,1,1,0,0,1,0,0,0,0.0296526,0,1,0,1,208,25.6000003814697,29,31.8999996185303,48.2114143371582
"387",2,"Hybrid shade","v35_49",2,"Hybrid","Hybrid shade",15,24,0,0.498559048,23.1402280941075,3.5,2,0,1,1,0,0,0,1,0,0,0,0,0,1466.52,1,45,0.0227272727272727,0.0136363636363636,19.998,15.9984,2,1,11.11,44.44,22.22,1,1,0,0,0,0,0,0,0,0,0,1,1,0,0,0,2,1,0,3,0,1,1,0,0,0,0,12.35525,2,0,1,213,25.5,30,31.7999992370605,47.8239974975586
"388",2,"Hybrid sun","v35_50",2,"Hybrid","Hybrid sun",9,24,0,0.0619986445,2.78249142382518,1.5,2,1,1,1,0,0,0,1,0,0,0,0,0,888.8,1,25,0.0125,0.00625,5.555,0,2,1,0,0,11.11,1,1,0,0,0,0,0,0,0,0,0,1,1,0,0,0,2,1,0,1,0,1,1,0,0.0247105,0,0.0247105,9.8842,2,0,1,220,25.5,30,31.7000007629395,47.8671226501465
"395",4,"Amazonia","v35_57",2,"Amazonia","Amazonia",28,30,0,0.2887916135,22.6176704749974,4.5,1,1,1,1,0,0,0,0,0,0,0,0,0,1088.78,1,25,0.0204081632653061,0.0102040816326531,11.11,5.555,2,1,0,0,22.22,1,0,0,0,0,0,0,0,1,0,0,0,1,0,0,1,1,1,1,1,0,0,1,0,0.3706575,0,0.3706575,0,1,0,1,217,25.5,29,31.7999992370605,48.0935287475586
"398",5,"Amazonia","v35_60",2,"Amazonia","Amazonia",30,30,0,0.579510646,48.2308649862454,3.5,1,0,1,1,0,0,0,1,0,0,0,0,0,1033.23,1,25,0.010752688172043,0.010752688172043,11.11,0,0,1,11.11,0,0,1,1,0,0,0,0,0,0,0,0,0,1,1,0,0,0,2,1,0,1,0,1,1,0,0,0,0,7.90736,1,0,1,208,25.6000003814697,29,31.8999996185303,48.2114143371582
"411",4,"Hybrid sun","v35_73",2,"Hybrid","Hybrid sun",7,24,0,0.101510734,6.74556808239029,3.5,1,1,1,1,1,0,0,1,0,0,0,0,0,799.92,1,55,0.0138888888888889,0.00694444444444444,5.555,0,2,0,0,0,11.11,1,0,1,0,0,0,0,0,0,0,0,0,1,0,1,0,2,1,0,1,0,0,1,1,0.3706575,0,0.3706575,0,2,0,1,187,25.7000007629395,29,32.0999984741211,47.9860687255859
"412",4,"Hybrid sun","v35_74",2,"Hybrid","Hybrid sun",10,24,1,0.412467666,16.7509734085904,3.5,1,0,1,1,1,0,0,0,0,0,0,0,0,1833.15,1,45,0.00606060606060606,0.00303030303030303,5.555,0,0,0,11.11,0,0,1,0,1,0,0,0,0,0,0,0,0,0,1,0,1,0,2,1,0,1,0,0,1,1,0,0,0,98.842,2,0,1,189,25.7000007629395,29,32.0999984741211,47.8997764587402
"413",5,"Hybrid sun","v35_75",2,"Hybrid","Hybrid sun",8,24,0,0.061677408,3.2447308680574,1.5,2,0,0,1,0,0,0,0,0,0,0,0,0,1088.78,1,25,0.0102040816326531,0.00510204081632653,5.555,0,2,0,0,0,11.11,1,0,0,0,0,0,0,0,1,0,0,0,1,0,0,1,1,1,1,1,0,0,1,0,0,0,0,0,2,0,1,187,25.7000007629395,29,32.0999984741211,47.9860687255859
"419",2,"Hybrid shade","v35_81",2,"Hybrid","Hybrid shade",7,24,0,0.248637051,25.3896665849546,3.5,2,0,1,1,1,0,0,1,0,0,0,0,0,1111,3,45,0.03,0.0225,24.9975,18.748125,2,1,22.22,0,33.33,1,1,0,0,0,0,0,0,0,0,0,1,1,0,0,0,2,1,0,1,0,1,1,0,0,0,0,33.8886857142857,2,0,1,189,25.7000007629395,29,32.0999984741211,47.8997764587402
"420",1,"Hybrid shade","v35_82",2,"Hybrid","Hybrid shade",7,24,1,0.66174719,67.5745648126699,1.5,1,1,1,1,1,0,0,1,0,0,0,0,0,1088.78,3,55,0.0204081632653061,0.0136054421768707,14.8133333333333,9.87555555555556,0,0,0,0,22.22,0,1,0,0,0,0,0,0,0,0,0,1,0,0,0,0,1,1,0,2,0,1,0,0,0,0.3706575,0.3706575,0,2,0,1,187,25.7000007629395,29,32.0999984741211,47.9860687255859
"421",5,"Hybrid sun","v35_83",2,"Hybrid","Hybrid sun",8,24,1,0.412467666,21.6991376801339,1.5,2,0,1,1,0,0,0,0,0,0,0,0,0,1244.32,1,0,0,0,0,0,0,0,0,0,0,1,0,0,0,0,0,0,0,0,0,0,0,1,0,0,0,1,1,0,1,0,0,1,0,0,0,0,79.0736,2,0,1,181,25.7999992370605,29,32.2000007629395,48.0405616760254
"422",4,"Hybrid sun","v35_84",2,"Hybrid","Hybrid sun",8,24,1,0.330231122,17.3728298560574,3.5,1,1,1,1,1,0,0,0,0,0,0,0,0,1088.78,1,0,0,0,0,0,0,0,0,0,0,1,0,0,0,0,0,0,0,0,0,0,0,1,0,0,0,1,1,0,1,0,0,1,0,0,0.247105,0.247105,0,2,0,1,181,25.7999992370605,29,32.2000007629395,48.0405616760254
"423",3,"Hybrid shade","v35_85",2,"Hybrid","Hybrid shade",14,24,0,0.1448776615,6.87213874129097,1.5,1,0,1,0,0,0,0,0,0,0,0,0,0,1522.07,1,45,0.0218978102189781,0.0131386861313869,19.998,15.9984,3,1,0,22.22,22.22,1,0,0,0,0,0,0,0,1,0,0,0,1,0,0,1,1,1,1,1,0,0,1,0,0,0,0,2.47105,1,0,1,187,25.7000007629395,29,32.0999984741211,47.9860687255859
"426",1,"Hybrid sun","v35_88",2,"Hybrid","Hybrid sun",20,24,0,0.1037593895,8.57962183834887,3.5,3.5,1,0,1,1,0,0,1,1,0,0,0,0,1077.67,1,45,0.0103092783505155,0.00343642611683849,3.70333333333333,0,4,2,0,0,11.11,1,1,0,0,0,0,0,0,0,0,0,1,1,0,0,0,2,1,0,1,0,1,1,0,0.0049421,0,0.0049421,0,2,0,1,183,25.7000007629395,29,32.0999984741211,47.9446067810059
"427",2,"Amazonia","v35_89",2,"Amazonia","Amazonia",17,30,0,0.28911285,25.9294005963496,3.5,1,1,1,1,1,0,0,1,1,0,0,0,0,833.25,1,45,0,0,0,0,0,1,0,0,0,1,1,0,0,0,0,0,0,0,0,0,1,1,0,0,0,2,1,0,3,0,1,1,0,0.0197684,0,0.0197684,0,2,0,1,183,25.7000007629395,29,32.0999984741211,47.9446067810059
"436",4,"Amazonia","v35_98",2,"Amazonia","Amazonia",20,30,1,0.375204232,29.2292222627689,0,2,0,1,1,0,0,0,0,0,1,0,1,0,1088.78,1,25,0.0306122448979592,0,NA,NA,0,0,0,0,0,1,0,0,0,0,0,0,0,1,0,0,0,1,0,0,1,1,1,1,1,0,0,1,0,0,0,0,19.7684,1,0,1,189,25.7000007629395,29,32.0999984741211,47.8997764587402
"440",4,"Hybrid sun","v35_102",2,"Hybrid","Hybrid sun",20,24,1,0.825577805,68.2651025528068,3.5,1,1,1,1,1,0,0,0,0,0,0,0,0,0,1,35,NA,0,0,0,0,0,0,0,0,1,0,0,0,0,0,0,0,0,0,0,0,1,0,0,0,1,1,0,1,0,0,1,0,0,2.47105,2.47105,92.664375,2,0,1,181,25.7999992370605,29,32.2000007629395,48.0405616760254
"444",5,"Amazonia","v35_106",2,"Amazonia","Amazonia",11,30,0,0.123997289,22.7384068685227,3.5,2,1,1,1,0,0,0,1,1,0,0,0,0,1133.22,1,25,0.00980392156862745,0.0065359477124183,7.40666666666667,0,1,2,0,22.22,22.22,1,1,0,0,0,0,0,0,0,0,0,1,1,0,0,0,2,1,0,1,0,1,1,0,0.3706575,0.593052,0.9637095,0,2,0,1,187,25.7000007629395,29,32.0999984741211,47.9860687255859
"446",4,"Hybrid shade","v35_108",2,"Hybrid","Hybrid shade",10,24,0,0.123997289,7.65753571433594,3.5,1,0,0,1,0,0,0,0,0,0,0,0,0,1066.56,1,25,0.0208333333333333,0.0138888888888889,14.8133333333333,14.8133333333333,0,1,0,22.22,11.11,0,0,0,0,0,0,0,0,0,0,0,0,0,0,0,0,0,NA,NA,1,0,0,0,0,0,0,0,14.8263,1,0,1,187,25.7000007629395,29,32.0999984741211,47.9860687255859
"449",5,"Amazonia","v35_111",2,"Amazonia","Amazonia",17,30,1,0.289755323,25.9870214865637,3.5,1,1,1,1,0,0,0,1,0,0,0,0,0,1033.23,1,25,0.010752688172043,0.0053763440860215,5.555,0,0,0,0,0,11.11,1,1,0,0,0,0,0,0,0,0,0,1,1,0,0,0,2,1,0,1,0,1,1,0,0,0,0.3706575,0,3,0,1,183,25.7000007629395,29,32.0999984741211,47.9446067810059
"451",3,"Hybrid shade","v35_113",2,"Hybrid","Hybrid shade",8,24,0,0.123997289,10.2590676954579,1.5,1,1,1,1,1,0,0,0,0,0,0,0,0,1477.63,1,25,0.0150375939849624,0.0150375939849624,22.22,22.22,3,2,0,0,11.11,1,0,0,0,0,0,0,0,1,0,0,0,1,0,0,1,1,1,1,1,0,0,1,0,0,0.00247105,0.00247105,2.47105,1,0,1,183,25.7000007629395,29,32.0999984741211,47.9446067810059
"455",4,"Amazonia","v35_117",2,"Amazonia","Amazonia",25,30,0,0.249279524,18.5245342255877,1.5,3.5,0,1,1,0,0,0,0,0,0,0,0,0,922.13,1,5,0.0240963855421687,0,0,0,1,0,0,0,0,1,1,0,0,0,0,0,0,0,0,0,1,1,0,0,0,2,1,0,2,0,1,1,0,0,0,0,2.82405714285714,3,0,1,183,25.7000007629395,29,32.0999984741211,47.9446067810059
"496",4,"Amazonia","v35_158",1,"Amazonia","Amazonia",8,30,1,0.0619986445,24.1612440477355,3.5,1,0,1,1,0,0,0,0,0,0,0,0,0,711.04,1,5,0.046875,0,NA,NA,0,0,0,0,0,1,1,0,0,0,0,0,0,0,0,0,1,1,0,0,0,2,1,0,1,0,1,1,0,0,0,0,0,4,0,1,263,25.2000007629395,32,31.3999996185303,47.1927375793457
"497",5,"Hybrid sun","v35_159",1,"Hybrid","Hybrid sun",15,24,0,0.123997289,5.43373269054006,3.5,1,0,1,1,0,0,0,1,1,0,0,0,0,1222.1,1,0,0,0,0,0,2,1,0,0,0,1,1,1,0,0,0,0,0,0,0,0,1,1,0,0,0,2,1,0,3,0,1,1,0,0,0,0,0,2,0,1,263,25.2000007629395,32,31.3999996185303,47.1927375793457
"499",4,"Amazonia","v35_161",1,"Amazonia","Amazonia",30,30,0,0.082879017,6.89776228738986,1.5,2,0,0,0,0,0,0,0,0,0,0,0,0,922.13,1,35,0.0120481927710843,0.00602409638554217,5.555,0,2,0,0,0,11.11,1,0,0,0,0,0,0,0,0,0,0,0,0,0,0,0,0,NA,NA,1,0,0,0,0,0,0,0,14.8263,1,0,1,263,25.2000007629395,32,31.3999996185303,47.1927375793457
"504",2,"Hybrid sun","v35_166",2,"Hybrid","Hybrid sun",8,24,0,0.123997289,6.52326101599041,3.5,1,1,1,1,0,0,0,1,0,0,0,0,0,1244.32,1,0,0,0,0,0,2,0,0,0,0,1,1,0,0,0,0,0,0,0,0,0,1,1,0,0,0,2,1,0,1,0,1,1,0,0,0.247105,0.247105,0,1,0,1,288,25.1000003814697,32,31.2000007629395,47.1114959716797
"510",5,"Hybrid sun","v35_172",1,"Hybrid","Hybrid sun",20,24,0,0.029553758,2.4437312976102,3.5,2,0,1,1,0,0,0,0,0,0,0,0,0,533.28,1,0,0,0,0,0,2,1,0,0,0,1,0,1,0,0,0,0,0,0,0,0,0,1,0,1,0,2,1,0,1,0,0,1,1,0,0,0,0,1,0,1,263,25.2000007629395,32,31.3999996185303,47.1927375793457
"511",5,"Hybrid shade","v35_173",1,"Hybrid","Hybrid shade",4,24,0,0.23129028,70.6924067558545,3.5,1,0,1,1,0,0,0,0,0,0,0,0,0,544.39,1,15,0.0612244897959184,0.0306122448979592,16.665,8.3325,2,0,0,0,33.33,1,0,1,0,0,0,0,0,0,0,0,0,1,0,1,0,2,1,0,1,0,0,1,1,0,0,0,14.8263,1,0,1,263,25.2000007629395,32,31.3999996185303,47.1927375793457
"512",5,"Hybrid shade","v35_174",1,"Hybrid","Hybrid shade",14,24,0,0.248637051,11.7938700349428,3.5,1,1,1,1,0,0,0,0,0,0,0,0,0,711.04,2,15,0.03125,0.03125,22.22,22.22,2,0,22.22,0,0,1,0,1,0,0,0,0,0,0,0,0,0,1,0,1,0,2,1,0,1,0,0,1,1,0,0.3706575,0.3706575,30.2703625,2,0,1,210,25.6000003814697,31,31.7999992370605,47.5864906311035
"514",4,"Amazonia","v35_176",1,"Amazonia","Amazonia",34,30,1,0.495989156,49.0261036366363,1.5,1,1,1,1,0,0,0,1,1,0,0,0,0,1377.64,1,35,0.0241935483870968,0.0120967741935484,16.665,8.3325,0,0,0,0,11.11,1,1,1,0,0,0,0,0,0,0,0,1,1,0,0,0,2,1,0,1,0,1,1,0,0.741315,0,0.741315,27.67576,2,0,1,263,25.2000007629395,32,31.3999996185303,47.1927375793457
"517",5,"Amazonia","v35_179",1,"Amazonia","Amazonia",28,30,0,0.123997289,9.71125784577195,3.5,2,1,1,1,0,0,0,1,0,0,0,0,0,1044.34,1,55,0.0212765957446809,0.0106382978723404,11.11,5.555,0,1,0,0,22.22,0,1,0,0,0,0,0,0,0,0,0,1,0,0,0,0,2,1,0,1,0,2,0,0,0,0.3706575,0.3706575,22.23945,1,1,3,211,25.6000003814697,31,31.8999996185303,47.5613861083984
"519",1,"Hybrid shade","v35_181",1,"Hybrid","Hybrid shade",10,24,0,0.745911153,46.0642433385701,3.5,1,1,1,1,1,1,0,0,1,0,0,0,0,1244.32,1,55,0.0446428571428571,0.0148809523809524,18.5166666666667,6.17222222222222,5,2,0,0,44.44,1,1,0,0,0,0,0,0,0,0,0,1,1,0,0,0,2,1,0,1,0,1,1,0,0.0098842,0.3706575,0.3805417,6.50276315789474,2,0,1,210,25.6000003814697,31,31.7999992370605,47.5864906311035
"521",3,"Hybrid shade","v35_183",1,"Hybrid","Hybrid shade",19,24,0,0.371349394,17.7394884460922,1.5,1,1,0,0,1,0,0,0,0,0,0,0,0,1066.56,1,45,0.03125,0.0208333333333333,22.22,22.22,2,1,0,44.44,22.22,1,0,0,0,0,0,0,0,0,0,0,0,0,0,0,0,0,NA,NA,1,0,0,0,0,0,0.3706575,0.3706575,18.532875,2,0,1,263,25.2000007629395,32,31.3999996185303,47.1927375793457
"522",4,"Hybrid shade","v35_184",1,"Hybrid","Hybrid shade",15,24,0,0.0619986445,2.87761857098115,3.5,1,1,0,1,0,0,0,0,0,0,0,0,0,988.79,1,25,0.0337078651685393,0.0202247191011236,19.998,15.9984,2,0,0,22.22,33.33,0,0,0,0,0,0,0,0,0,0,0,0,0,0,0,0,0,NA,NA,1,0,0,0,0,0.3706575,0,0.3706575,37.06575,2,0,1,210,25.6000003814697,31,31.8999996185303,47.6120147705078
"528",5,"Hybrid sun","v35_190",1,"Hybrid","Hybrid sun",25,24,0,0.123997289,26.2787002071528,3.5,1,1,1,1,0,0,0,1,1,0,0,0,0,977.68,1,15,0.0113636363636364,0.00568181818181818,5.555,0,1,1,0,22.22,11.11,1,0,0,0,0,0,0,0,0,0,0,0,1,0,0,0,1,1,0,1,0,0,1,0,0.3706575,0,0.3706575,65.8946666666667,2,0,1,211,25.6000003814697,31,31.8999996185303,47.5613861083984
"533",5,"Hybrid shade","v35_195",1,"Hybrid","Hybrid shade",15,24,0,1.696771193,78.7543072120335,3.5,1,1,1,1,0,0,0,1,1,0,0,0,0,1344.31,1,35,0.0247933884297521,0.012396694214876,16.665,8.3325,4,1,0,0,22.22,1,1,1,0,0,0,0,0,0,0,0,1,1,0,0,0,2,1,0,1,0,1,1,0,0,0.3706575,0.3706575,9.8842,2,0,1,210,25.6000003814697,31,31.7999992370605,47.5864906311035
"534",4,"Amazonia","v35_196",1,"Amazonia","Amazonia",20,30,0,0.28911285,22.5225171545309,1.5,3.5,1,1,1,0,0,0,0,0,0,0,0,0,1366.53,1,45,0.032520325203252,0.021680216802168,29.6266666666667,24.6888888888889,2,0,11.11,22.22,33.33,1,0,0,0,0,0,0,0,1,0,0,0,1,0,0,1,1,1,1,1,0,0,1,0,0.3706575,0,0.3706575,23.72208,2,0,1,203,25.6000003814697,31,32,47.5299949645996
"536",3,"Hybrid sun","v35_198",1,"Hybrid","Hybrid sun",15,24,0,0.165115561,7.23559223558962,3.5,1,1,0,1,0,0,0,0,0,0,0,0,0,799.92,1,0,0,0,0,0,2,0,0,0,0,0,1,0,0,0,0,0,0,0,0,0,1,0,0,0,0,1,1,0,1,0,1,0,0,0.98842,0,0.98842,29.6526,3,1,3,210,25.6000003814697,31,31.8999996185303,47.6120147705078
"540",3,"Hybrid shade","v35_202",1,"Hybrid","Hybrid shade",10,24,0,0.330231122,20.3936443376615,3.5,2,1,0,1,1,0,0,0,0,0,0,0,0,1022.12,1,45,0.0434782608695652,0.0217391304347826,22.22,11.11,4,0,0,0,11.11,1,0,0,0,0,0,0,0,1,0,0,0,1,0,0,1,1,1,1,1,0,0,1,0,0.3706575,0,0.3706575,9.8842,2,0,1,190,25.7000007629395,30,32,47.7506332397461
"541",5,"Hybrid sun","v35_203",1,"Hybrid","Hybrid sun",10,24,0,0.289755323,11.7674283602403,1.5,3.5,1,0,1,0,0,0,0,0,0,0,0,0,1399.86,1,45,0.00793650793650794,0.00396825396825397,5.555,0,2,1,0,0,11.11,1,0,0,0,0,0,0,0,1,0,0,0,1,0,0,1,1,1,1,1,0,0,1,0,0.3706575,0,0.3706575,11.86104,2,0,1,190,25.7000007629395,30,32,47.7506332397461
"543",2,"Hybrid shade","v35_205",1,"Hybrid","Hybrid shade",15,24,0,0.577583227,26.8080735265498,3.5,3.5,1,1,1,0,0,0,1,1,0,0,0,0,1099.89,3,25,0.0303030303030303,0.0202020202020202,22.22,14.8133333333333,1,1,0,0,33.33,1,0,0,0,0,0,0,0,0,0,0,0,1,0,0,0,1,1,0,1,0,0,1,0,0,0.3706575,0.3706575,35.9425454545455,3,1,3,210,25.6000003814697,31,31.8999996185303,47.6120147705078
"544",2,"Hybrid shade","v35_206",1,"Hybrid","Hybrid shade",9,24,0,0.165115561,11.5900882014433,1.5,1,0,1,1,0,0,0,1,1,0,0,0,0,1222.1,1,25,0.0181818181818182,0.0181818181818182,22.22,22.22,3,1,0,22.22,22.22,1,1,0,0,0,0,0,0,0,0,0,1,1,0,0,0,2,1,0,1,0,1,1,0,0,0,0,0,4,0,1,190,25.7000007629395,30,32,47.7506332397461
"550",2,"Hybrid shade","v35_212",1,"Hybrid","Hybrid shade",16,24,1,0.085448909,3.93164750728043,1.5,1,0,1,1,0,0,0,0,0,0,0,0,0,633.27,1,5,0.087719298245614,0.0292397660818714,18.5166666666667,12.3444444444444,0,0,0,0,22.22,1,1,0,0,0,0,0,0,0,0,0,1,1,0,0,0,2,1,0,1,0,1,1,0,0,0,0,296.526,5,0,1,183,25.7000007629395,30,32.0999984741211,47.7846908569336
"556",5,"Amazonia","v35_218",1,"Amazonia","Amazonia",9,30,0,0.2271142055,65.7648320159304,3.5,2,0,1,1,0,0,0,1,1,0,0,0,0,1177.66,1,25,0.0377358490566038,0.0251572327044025,29.6266666666667,19.7511111111111,2,2,11.11,0,11.11,1,1,0,0,0,0,0,0,0,0,0,1,1,0,0,0,2,1,0,1,0,1,1,0,0,0,0,11.119725,3,1,3,187,25.7000007629395,30,32.0999984741211,47.8699150085449
"557",4,"Hybrid sun","v35_219",1,"Hybrid","Hybrid sun",10,24,0,0.330231122,13.4112154704291,3.5,3.5,1,1,1,1,0,0,1,1,0,0,0,0,1077.67,1,0,0,0,0,0,2,1,0,0,0,1,1,0,0,0,0,0,0,0,0,0,1,1,0,0,0,2,1,0,1,0,1,1,0,0.3706575,0,0.3706575,7.41315,3,0,1,183,25.7000007629395,30,32.0999984741211,47.7846908569336
"558",2,"Hybrid shade","v35_220",1,"Hybrid","Hybrid shade",18,24,1,0.248637051,11.6201018870397,3.5,2,1,1,1,0,0,1,0,0,0,0,0,0,1133.22,1,45,0.0294117647058823,0.0147058823529412,16.665,8.3325,0,0,0,0,22.22,1,1,0,0,0,0,0,0,0,0,0,1,1,0,0,0,2,1,0,1,0,1,1,0,0.0049421,0,0.0049421,79.0736,1,0,1,183,25.7000007629395,30,32.0999984741211,47.7846908569336
"561",4,"Amazonia","v35_223",1,"Amazonia","Amazonia",20,30,1,0.249279524,19.4194147910177,3.5,1,0,1,0,0,0,0,0,0,0,0,0,0,944.35,1,15,0.0235294117647059,0.0117647058823529,11.11,5.555,0,0,0,0,22.22,1,0,0,0,0,0,0,0,1,0,0,0,1,0,0,1,1,1,1,1,0,0,1,0,0,0,0,7.80331578947368,1,0,1,183,25.7000007629395,30,32.0999984741211,47.7846908569336
"568",4,"Hybrid sun","v35_230",1,"Hybrid","Hybrid sun",13,24,0,0.37263434,14.4685558913587,1.5,1,1,1,1,1,0,0,1,1,0,0,0,0,1177.66,1,25,0.00943396226415094,0.00471698113207547,5.555,0,2,1,0,0,11.11,1,1,0,0,0,1,0,0,0,1,0,1,1,0,0,1,2,0.666666666666667,0.333333333333333,1,1,1,1,0,0.3706575,0,0.3706575,13.1789333333333,5,1,3,187,25.7000007629395,30,32.0999984741211,47.8699150085449
"572",5,"Amazonia","v35_234",1,"Amazonia","Amazonia",24,30,1,0.126567181,9.35364098276562,3.5,1,1,1,1,0,0,0,0,0,0,0,0,0,1088.78,1,5,0.0102040816326531,0,NA,NA,0,0,0,0,0,1,1,0,0,0,0,0,0,0,0,0,1,1,0,0,0,2,1,0,1,0,1,1,0,0.216216875,0,0.216216875,3.706575,3,0,1,183,25.7000007629395,30,32.0999984741211,47.7846908569336
"573",5,"Hybrid sun","v35_235",1,"Hybrid","Hybrid sun",10,24,1,0.082236544,3.33975793816133,3.5,1,0,0,1,0,0,0,0,0,0,0,0,0,1577.62,1,5,0.00704225352112676,0.00352112676056338,5.555,0,0,0,0,0,11.11,1,1,0,0,0,0,0,0,0,0,0,1,1,0,0,0,2,1,0,1,0,1,1,0,0,0,0,29.6526,5,1,3,183,25.7000007629395,30,32.0999984741211,47.7846908569336
"577",2,"Hybrid sun","v35_239",1,"Hybrid","Hybrid sun",16,24,1,0.1866384065,8.98273518607077,3.5,1,1,1,1,0,0,0,1,0,0,0,0,0,1088.78,1,25,0.0102040816326531,0.00510204081632653,5.555,0,0,0,0,0,11.11,1,1,0,0,0,0,0,0,0,0,0,1,1,0,0,0,2,1,0,1,0,1,1,0,0.3706575,0,0.3706575,0,3,0,1,183,25.7000007629395,30,32.0999984741211,47.7846908569336
"579",2,"Hybrid shade","v35_241",1,"Hybrid","Hybrid shade",20,24,1,0.165758034,8.15961726226261,3.5,1,0,1,1,0,0,0,0,0,0,0,0,0,966.57,1,35,0.0344827586206897,0.0229885057471264,22.22,14.8133333333333,0,0,0,11.11,22.22,1,1,1,0,0,1,0,0,0,0,0,1,1,0,0,0,2,1,0,2,0,1,1,0,0,0,0,3.95368,3,0,1,183,25.7000007629395,30,32.0999984741211,47.7846908569336
"581",5,"Amazonia","v35_243",1,"Amazonia","Amazonia",30,30,1,0.288470377,24.0084904421554,3.5,1,0,1,1,0,0,0,1,1,0,0,0,0,733.26,3,5,0.0454545454545455,0.0303030303030303,22.22,22.22,0,0,0,22.22,11.11,0,1,0,0,0,0,0,0,0,0,0,1,0,0,0,0,1,1,0,1,0,1,0,0,0,0,0,0,3,0,1,183,25.7000007629395,30,32.0999984741211,47.7846908569336
"582",3,"Hybrid shade","v35_244",1,"Hybrid","Hybrid shade",6,24,0,0.165115561,22.1033734918435,3.5,1,0,1,1,1,0,0,1,1,0,0,0,0,1066.56,1,45,0.03125,0.0208333333333333,22.22,18.5166666666667,0,1,11.11,22.22,22.22,1,0,0,0,0,0,0,0,1,0,0,0,1,0,0,1,1,1,1,1,0,0,1,0,0,0,0,19.7684,1,0,1,183,25.7000007629395,30,32.0999984741211,47.7846908569336
"583",3,"Hybrid shade","v35_245",1,"Hybrid","Hybrid shade",8,24,0,0.247994578,20.5181353909159,3.5,1,0,1,1,1,0,0,1,1,0,0,0,0,1144.33,1,45,0.029126213592233,0.0174757281553398,19.998,15.9984,2,0,11.11,22.22,22.22,1,0,0,0,0,0,0,0,1,0,0,0,1,0,0,1,1,1,1,1,0,0,1,0,0,0,0,2.96526,3,0,1,187,25.7000007629395,30,32.0999984741211,47.8699150085449
"584",2,"Hybrid shade","v35_246",1,"Hybrid","Hybrid shade",15,24,0,0.825577805,38.3185478104744,3.5,1,1,1,1,0,0,0,1,1,0,0,0,0,988.79,3,35,0.0224719101123595,0.0149812734082397,14.8133333333333,9.87555555555556,1,1,0,0,22.22,1,1,0,0,0,0,0,0,0,0,0,1,1,0,0,0,2,1,0,1,0,1,1,0,0,0.3706575,0.3706575,0,2,0,1,183,25.7000007629395,30,32.0999984741211,47.7846908569336
"585",5,"Amazonia","v35_247",1,"Amazonia","Amazonia",22,30,0,0.329588649,24.6032738348407,3.5,1,1,1,1,0,0,0,1,0,0,0,0,0,1088.78,1,45,0.0204081632653061,0,NA,NA,2,1,0,0,0,0,1,0,0,0,0,0,0,0,0,0,1,0,0,0,0,2,1,0,2,0,2,0,0,0.00247105,0,0.00247105,21.1804285714286,1,0,1,183,25.7000007629395,30,32.0999984741211,47.7846908569336
"587",3,"Hybrid shade","v35_249",1,"Hybrid","Hybrid shade",21,24,1,0.700938043,35.8170925365687,3.5,1,1,1,1,0,0,0,0,0,0,0,0,0,1433.19,1,15,0.0232558139534884,0.013953488372093,19.998,15.9984,0,0,0,22.22,22.22,1,0,0,0,0,0,0,0,1,0,0,0,1,0,0,1,1,1,1,1,0,0,1,0,1.48263,0,1.48263,12.35525,1,0,1,187,25.7000007629395,30,32.0999984741211,47.8699150085449
"588",2,"Hybrid sun","v35_250",1,"Hybrid","Hybrid sun",20,24,0,0.185032224,15.2998829067769,3.5,2,1,1,1,0,0,0,0,0,0,0,0,0,922.13,1,5,0.072289156626506,0,0,0,0,1,0,11.11,0,1,1,0,0,0,0,0,0,0,0,0,1,1,0,0,0,2,1,0,1,0,1,1,0,0.32947250965,0,0.32947250965,9.8842,2,0,1,183,25.7000007629395,30,32.0999984741211,47.7846908569336
"590",1,"Hybrid shade","v35_252",1,"Hybrid","Hybrid shade",6,24,0,0.1654367975,22.1463761640066,3.5,2,0,1,1,1,0,0,1,0,0,0,0,0,1055.45,1,15,0.0210526315789474,0.0157894736842105,16.665,12.49875,2,0,11.11,0,22.22,1,1,0,0,0,0,0,0,0,0,0,1,1,0,0,0,2,1,0,1,0,1,1,0,0,0,0,29.6526,3,0,1,183,25.7000007629395,30,32.0999984741211,47.7846908569336
"592",2,"Hybrid sun","v35_254",1,"Hybrid","Hybrid sun",5,24,1,0.123997289,18.2751392900999,1.5,2,0,1,1,0,0,0,1,0,0,0,0,0,1044.34,1,0,0,0,0,0,0,0,0,0,0,1,1,1,0,0,0,0,0,0,0,0,1,1,0,0,0,2,1,0,1,0,1,1,0,0,0,0,11.86104,2,0,1,183,25.7000007629395,30,32.0999984741211,47.7846908569336
"593",2,"Amazonia","v35_255",1,"Amazonia","Amazonia",20,30,0,0.3093507495,24.099093355348,1.5,1,1,1,1,1,0,0,1,1,0,0,0,0,1244.32,1,15,0.0357142857142857,0.0238095238095238,29.6266666666667,29.6266666666667,2,1,0,22.22,11.11,1,1,0,0,0,1,0,0,0,1,0,1,1,0,0,1,2,0.666666666666667,0.333333333333333,1,1,1,1,0,0.0049421,0,0.0049421,0,3,0,1,183,25.7000007629395,30,32.0999984741211,47.7846908569336
"594",5,"Hybrid sun","v35_256",1,"Hybrid","Hybrid sun",20,24,0,0.155478466,12.8561516091667,1.5,1,0,1,1,0,0,0,1,1,0,0,0,0,866.58,1,0,0,0,0,0,3,0,0,0,0,1,0,0,0,0,0,0,0,0,0,0,0,0,0,0,0,0,0,0,1,0,0,1,0,0,0,0,19.7684,1,1,3,187,25.7000007629395,30,32.0999984741211,47.8699150085449
"600",5,"Hybrid sun","v35_262",1,"Hybrid","Hybrid sun",10,24,0,0.10279568,4.17469742270167,1.5,1,0,1,1,0,0,0,1,1,0,0,0,0,988.79,1,45,0.0112359550561798,0.00561797752808989,5.555,0,0,1,0,0,11.11,1,0,0,0,0,0,0,0,1,0,0,0,1,0,0,1,1,1,1,1,0,0,1,0,0,0,0,29.6526,3,0,1,183,25.7000007629395,30,32.0999984741211,47.7846908569336
"602",3,"Hybrid sun","v35_264",1,"Hybrid","Hybrid sun",5,24,0,0.619343972,91.2810066096184,1.5,1,1,1,1,1,0,0,1,0,0,0,0,0,1166.55,1,55,0.00952380952380952,0.00476190476190476,5.555,0,0,1,0,0,11.11,0,1,0,0,0,0,0,0,0,0,0,1,0,0,0,0,2,1,0,1,0,2,0,0,0.001235525,0,0.001235525,22.23945,2,0,1,183,25.7000007629395,30,32.0999984741211,47.7846908569336
"674",3,"Hybrid shade","v25_3",2,"Hybrid","Hybrid shade",11,24,0,0.371349394,20.7778379956741,3.5,2,1,0,1,0,0,0,0,0,0,0,0,0,1422.08,1,15,0.015625,0.015625,22.22,22.22,2,0,0,11.11,22.22,1,0,0,0,0,0,0,0,1,0,0,0,1,0,0,1,1,1,1,1,0,0,1,0,0.3706575,0,0.3706575,0,2,0,1,173,25.8999996185303,27,32.2999992370605,48.5370903015137
"676",3,"Hybrid shade","v25_5",2,"Hybrid","Hybrid shade",18,24,0,0.413752612,19.3368103753322,3.5,1,0,1,1,0,0,0,0,0,0,0,0,0,1499.85,1,15,0.0222222222222222,0.0148148148148148,22.22,22.22,0,1,0,44.44,22.22,1,0,0,0,0,0,0,0,1,0,0,0,1,0,0,1,1,1,1,1,0,0,1,0,0,0,0,0,1,0,1,185,25.7999992370605,28,32.2000007629395,48.3240165710449
"678",5,"Amazonia","v25_7",2,"Amazonia","Amazonia",18,30,0,0.823650386,69.6593415791888,3.5,1,1,1,1,0,1,0,1,0,0,0,0,0,1077.67,1,75,0.0103092783505155,0,NA,NA,0,1,0,0,0,1,1,1,0,0,0,0,0,0,0,1,1,1,0,0,1,2,0.666666666666667,0.333333333333333,3,0,1,1,1,0,0.0148263,0.0148263,26.3578666666667,1,0,1,185,25.7999992370605,28,32.2000007629395,48.3240165710449
"680",3,"Hybrid shade","v25_10",2,"Hybrid","Hybrid shade",13,24,1,1.032454111,50.8038069233037,3.5,1,1,1,1,0,1,0,0,0,0,0,0,0,1111,3,45,0.03,0.02,22.22,22.22,0,0,0,22.22,11.11,1,0,0,0,0,0,0,0,0,0,0,0,1,0,0,0,1,1,0,1,0,0,1,0,0.741315,0,0.741315,57.82257,2,1,3,169,25.8999996185303,27,32.2999992370605,48.482105255127
"681",2,"Hybrid shade","v25_13",2,"Hybrid","Hybrid shade",15,24,0,0.536464955,24.8996011064172,3.5,2,1,1,1,0,0,0,1,0,0,0,0,0,1166.55,1,75,0.019047619047619,0.0142857142857143,16.665,12.49875,4,1,11.11,0,22.22,1,1,0,0,0,0,0,0,0,0,0,1,1,0,0,0,2,1,0,2,0,1,1,0,0.0395368,0,0.0395368,74.1315,2,0,1,173,25.8999996185303,27,32.2999992370605,48.5370903015137
"684",4,"Hybrid sun","v25_16",2,"Hybrid","Hybrid sun",10,24,1,0.414395085,16.8292489852661,3.5,2,1,1,1,1,0,0,0,0,0,0,0,0,1155.44,1,55,0,0,0,0,0,0,0,0,0,1,1,0,0,0,0,0,1,1,0,0,1,1,0,0,2,2,1,1,2,0,1,1,0,0.741315,0,0.741315,0,1,0,1,162,25.8999996185303,27,32.4000015258789,48.6592216491699
"686",3,"Hybrid sun","v25_18",2,"Hybrid","Hybrid sun",10,24,0,0.619986445,25.1786438306694,3.5,2,0,0,1,0,0,0,0,0,0,0,0,0,1055.45,1,0,0,0,0,0,1,0,0,0,0,0,1,0,0,0,0,0,0,0,0,0,1,0,0,0,0,1,1,0,1,0,1,0,0,0,0,0,7.41315,1,1,3,162,25.8999996185303,27,32.4000015258789,48.6592216491699
"688",3,"Hybrid sun","v25_20",2,"Hybrid","Hybrid sun",15,24,0,0.37263434,16.3293521270116,3.5,1,0,0,1,0,0,0,0,0,0,0,0,0,722.15,1,25,0,0,0,0,2,2,0,0,0,0,1,0,0,0,0,0,0,0,0,0,1,0,0,0,0,1,1,0,1,0,1,0,0,0,0,0,8.89578,2,0,1,165,25.8999996185303,26,32.4000015258789,49.0672264099121
"689",2,"Hybrid shade","v25_21",2,"Hybrid","Hybrid shade",9,24,0,0.414395085,29.0879645522605,3.5,1,0,0,1,0,0,0,0,0,0,0,0,0,888.8,1,25,0.0375,0.0225,19.998,11.9988,3,1,11.11,0,33.33,1,1,0,0,0,0,0,0,0,0,0,1,1,0,0,0,2,1,0,1,0,1,1,0,0,0,0,2.47105,2,0,1,176,25.7999992370605,27,32.2999992370605,48.8710403442383
"690",3,"Hybrid shade","v25_22",2,"Hybrid","Hybrid shade",15,24,0,0.495346683,22.9911286862847,1.5,2,1,0,1,0,0,0,0,0,0,0,0,0,2010.91,1,25,0.0110497237569061,0.00736648250460405,14.8133333333333,14.8133333333333,1,0,0,22.22,11.11,1,0,0,0,0,0,0,0,1,0,0,0,1,0,0,1,1,1,1,1,0,0,1,0,0.049421,0,0.049421,0,2,0,1,173,25.8999996185303,27,32.2999992370605,48.5370903015137
"691",5,"Hybrid sun","v25_23",2,"Hybrid","Hybrid sun",15,24,0,0.906529403,39.7253721572644,1.5,2,1,0,1,0,0,0,0,0,0,0,0,0,2088.68,1,0,0,0,0,0,0,1,0,0,0,1,0,0,0,0,0,0,0,1,0,0,0,1,0,0,1,1,1,1,1,0,0,1,0,0.05189205,0,0.05189205,0,2,0,1,162,25.8999996185303,27,32.4000015258789,48.6592216491699
"693",4,"Hybrid shade","v25_25",2,"Hybrid","Hybrid shade",32,24,0,0.495346683,53.497527638448,3.5,1,1,0,1,1,1,0,0,0,0,0,0,0,1333.2,2,45,0.025,0.0166666666666667,22.22,18.5166666666667,2,1,11.11,22.22,33.33,0,0,0,0,0,0,0,0,0,0,0,0,0,0,0,0,0,NA,NA,1,0,0,0,0,3.95368,0,3.95368,42.3608571428571,2,0,1,173,25.8999996185303,27,32.2999992370605,48.5370903015137
"701",2,"Hybrid shade","v25_33",2,"Hybrid","Hybrid shade",22,24,0,1.572773904,83.9798892680932,3.5,2,1,1,1,0,0,0,0,0,0,0,0,0,1466.52,1,75,0.0151515151515152,0.0101010101010101,14.8133333333333,9.87555555555556,3,2,0,0,22.22,1,1,0,0,0,0,0,0,0,0,0,1,1,0,0,0,2,1,0,2,0,1,1,0,0.0296526,0,NA,0,2,0,1,173,25.8999996185303,27,32.2999992370605,48.5370903015137
"702",5,"Hybrid sun","v25_34",2,"Hybrid","Hybrid sun",23,24,0,0.206233833,29.1704264032218,3.5,2,1,1,1,0,0,0,0,0,0,0,0,0,1433.19,1,75,0.0155038759689922,0,0,0,2,1,0,0,0,1,0,0,0,0,0,0,0,0,0,0,0,1,0,0,0,1,1,0,2,0,0,1,0,0.0197684,0,0.0197684,0,2,0,1,181,25.7999992370605,27,32.2000007629395,48.6158752441406
"707",5,"Hybrid sun","v25_40",2,"Hybrid","Hybrid sun",18,24,0,0.825577805,50.5687774402808,3.5,2,1,1,1,0,0,0,0,0,0,0,0,0,1399.86,3,0,0,0,0,0,0,2,0,0,0,1,0,0,0,0,0,0,0,1,0,0,0,1,0,0,1,1,1,1,1,0,0,1,0,0,0.06177625,0.06177625,5.39138181818182,1,0,1,162,25.8999996185303,27,32.4000015258789,48.6592216491699
"709",2,"Hybrid sun","v25_42",2,"Hybrid","Hybrid sun",12,24,1,0.454870884,17.3084768624276,3.5,1,0,1,1,0,0,0,0,0,0,0,0,0,1066.56,1,45,0,0,0,0,0,0,0,0,0,1,1,0,0,0,0,0,1,1,0,0,1,1,0,0,2,2,1,1,1,0,1,1,0,0,0,0,2.96526,1,0,1,173,25.8999996185303,27,32.2999992370605,48.493091583252
"714",3,"Hybrid shade","v25_49",2,"Hybrid","Hybrid shade",12,24,0,0.165758034,8.60937208865434,1.5,2,1,1,1,0,0,0,0,0,0,0,0,0,1199.88,1,35,0.0277777777777778,0.0138888888888889,16.665,8.3325,2,0,0,0,33.33,1,0,0,0,0,0,0,0,1,0,0,0,1,0,0,1,1,1,1,1,0,0,1,0,0,0.3706575,0.3706575,0,2,0,1,184,25.7999992370605,27,32.2000007629395,48.7820053100586
"717",2,"Hybrid shade","v25_52",2,"Hybrid","Hybrid shade",14,24,0,0.45615583,21.6373326222465,3.5,1,0,0,1,0,0,0,0,0,0,0,0,0,777.7,1,25,0.0428571428571429,0.0321428571428571,24.9975,18.748125,0,1,0,11.11,33.33,1,1,0,0,0,0,0,0,0,0,0,1,1,0,0,0,2,1,0,1,0,1,1,0,0,0,0,14.8263,1,1,3,184,25.7999992370605,27,32.2000007629395,48.7820053100586
"721",4,"Hybrid shade","v23_4",2,"Hybrid","Hybrid shade",48,24,0,0.1660792705,97.6376116787294,3.5,2,0,0,1,1,0,0,0,0,0,0,0,0,955.46,1,5,0.0348837209302326,0.0232558139534884,22.22,14.8133333333333,3,1,11.11,0,11.11,0,0,0,0,0,0,0,0,0,0,0,0,0,0,0,0,0,NA,NA,1,0,0,0,0,0,0,0,7.41315,2,0,1,221,25.5,29,31.7000007629395,48.3849639892578
"722",3,"Hybrid shade","v23_5",2,"Hybrid","Hybrid shade",15,24,1,0.576298281,26.7484337634207,1.5,1,1,1,0,0,0,0,0,0,0,0,0,0,899.91,1,35,0.037037037037037,0.0246913580246914,22.22,22.22,0,0,0,22.22,11.11,1,0,0,0,0,0,0,0,0,0,0,0,1,0,0,0,1,1,0,2,0,0,1,0,0,0.741315,0.741315,5.93052,2,0,1,221,25.5,29,31.7000007629395,48.3849639892578
"723",4,"Hybrid sun","v23_6",2,"Hybrid","Hybrid sun",24,24,0,0.1236760525,21.3246794544797,3.5,1,1,1,0,1,0,0,0,0,0,0,0,0,655.49,1,65,0,0,0,0,2,0,0,0,0,1,0,0,0,0,0,0,0,0,0,0,0,1,0,0,0,1,1,0,1,0,0,1,0,0.0148263,0,0.0148263,11.119725,1,0,1,208,25.6000003814697,28,32,48.5684623718262
"734",3,"Amazonia","v23_18",2,"Amazonia","Amazonia",25,30,0,0.206876306,15.3734536614413,3.5,2,1,0,0,0,0,0,0,0,0,0,0,0,1166.55,1,45,0.0285714285714286,0.0171428571428571,19.998,15.9984,3,1,0,22.22,33.33,0,1,0,0,0,1,0,0,0,1,0,1,0,1,0,1,2,1,0.5,2,1,1,0,0,0.00741315,0,0.00741315,24.7105,2,0,1,199,25.6000003814697,28,32.0999984741211,48.6862411499023
"735",1,"Hybrid shade","v23_19",2,"Hybrid","Hybrid shade",12,24,0,1.112120763,57.7628801762041,1.5,1,1,1,1,1,0,0,0,0,0,0,0,0,1577.62,1,45,0.0211267605633803,0.0105633802816901,16.665,12.49875,1,1,0,44.44,22.22,0,1,0,0,0,0,0,0,0,0,0,1,0,0,0,0,1,1,0,2,0,1,0,0,0,0.3706575,0.741315,0,2,0,1,212,25.5,28,31.8999996185303,48.568229675293
