,typ,typology,hhID,district,Variety,years_since_planted,cc.production.cycle,cm.plot.monocrop.bool,cc_yield_fn_Mg_per_ha,yld_pc_attain_plot,weeds_per_year,prunes_per_year,fert_bool,fungi.app.cocoa,insecti.app.cocoa,herbi.app.cocoa,pollination.bool,ccoa_spread_pods,ccoa_piled_pods,ccoa_passive_pods,ccoa_apply_mnr_farm,ccoa_apply_mnr_bought,ccoa_apply_mnr_anywhere,ccoa_apply_cmp,tree.count.per.ha,tree.config.cocoa,plot.overstory.crown,other.tree.to.cm.tree.ratio,shade.tree.to.cm.tree.ratio,plot.quant.shade.trees.ha,num_other_tree_crops,num_other_root_grain_crops,plot.quant.trees.per.ha.greater.than.50.m,plot.quant.trees.per.ha.greater.than.35.m,plot.quant.trees.per.ha.greater.than.20.m,detect.bool.blackpod,detect.bool.capsid,detect.bool.stemborer,detect.bool.rodents,detect.bool.CSSVD,detect.bool.stemcanker,detect.bool.other,path.contr.cc.vir.org,path.contr.cc.bact.org,path.contr.cc.fung.org,path.contr.cc.insect.org,path.contr.cc.vir.syn,path.contr.cc.bact.syn,path.contr.cc.fung.syn,path.contr.cc.insect.syn,path.contr.tot.org,path.contr.tot.syn,frac.tot.paths.controlled.syn,frac.tot.paths.controlled.org,quant.paths,quant.paths.fungal,quant.paths.viral,quant.paths.bacterial,quant.paths.insect,total_N_fert_applied_Mg_per_ha,total_non_N_fert_applied_Mg_per_ha,total_fert_applied_Mg_per_ha,total.hi.labor.days.per.year.per.ha,lc.GHG.remv.cc.Mg.CO2eq.ha.yr,lc.GHG.N2O.Mg.CO2eq,lc.GHG.remv.C.Mg.CO2eq,lc.N2O.synthetic.total.Mg.CO2eq,lc.N2O.organic.shadet.resd.total.Mg.CO2eq,lc.N2O.organic.resd.total.Mg.CO2eq,lc.N2O.organic.inter.resd.total.Mg.CO2eq,lc.N2O.organic.other.total.Mg.CO2eq,lc.Biomass.CO2.remv.cc.shade.total.Mg.ha.yr,lc.Biomass.CO2.remv.cc.cocoa.total.Mg.ha.yr,lc.Biomass.CO2.remv.cc.fruit.total.Mg.ha.yr,lc.Biomass.CO2.remv.cc.interc.total.Mg.ha.yr,lc.net.VOP.1000.usd.per.ha,lc.net.VOP.1000.usd.per.ha.frac.rev.basis.cc,lc.net.VOP.1000.usd.per.ha.frac.rev.basis.ann.crop,lc.net.VOP.1000.usd.per.ha.frac.rev.basis.frt,lc.net.VOP.1000.usd.per.ha.frac.rev.basis.ag.cmd,lc.net.VOP.1000.usd.per.ha.frac.rev.basis.fuelw,lc.net.VOP.1000.usd.per.ha.frac.rev.basis.hardw,domn_soil,water.log.bool,water.logged,Elevation.m.asl,Temperature,Rainfall,Temp.mean.max.month,Rainfall.cv
4,1,Amazonia,v36_4,1,Amazonia,17,50,0,0.373919286,31.62433586,3.5,1,1,1,1,1,0,0,1,0,0,0,0,0,988.79,1,35,0.02247191,0.02247191,22.22,2,0,11.11,0,11.11,1,0,0,0,0,0,0,0,1,0,0,0,1,0,0,1,1,1,1,1,0,0,1,0,0,0.3706575,0.3706575,0,-8.506659815,0.017617478,-8.534917281,0,0.00947596,0.012759943,0,0,-5.1190419,-3.415875381,0,0,0.40216077,NA,NA,NA,NA,NA,NA,2,0,1,161,26,30,32.29999924,47.66955566
5,1,Amazonia,v36_5,1,Amazonia,22,50,1,0.539034847,37.9451227,1.5,2,1,1,1,1,0,0,1,0,0,0,0,0,1210.99,1,25,0.027522936,0.027522936,33.33,0,0,22.22,0,11.11,1,1,1,0,0,1,0,0,0,0,0,1,1,0,0,0,2,1,0,1,0,1,1,0,0.3706575,0,0.3706575,0,-11.47220826,0.043693,-11.6417038,0.151486107,0.014029093,0.015627345,0,0,-7.458215978,-4.183487827,0,0,0.835203264,0.823719895,0,0,0,1.26E-05,0.01147076,1,0,1,161,26,30,32.29999924,47.66955566
7,1,Hybrid shade,v36_7,1,Hybrid,10,30,1,0.165758034,11.08954006,1.5,1,0,0,1,1,0,0,0,0,0,0,0,0,877.69,3,35,0.126582278,0.126582278,111.1,0,0,0,11.11,0,1,1,0,0,0,0,0,0,0,0,0,1,0,0,0,0,1,1,0,1,0,1,0,0,0,0,0,142.33248,-36.84101337,0,-36.84101337,0,0,0,0,0,-35.74525155,-1.095761814,0,0,0.035832137,0.035832137,0,0,0,0,0,5,1,3,161,26,30,32.29999924,47.66955566
8,1,Hybrid shade,v36_8,1,Hybrid,10,30,0,0.124639762,8.338646404,1.5,2,0,0,1,1,0,0,0,0,0,0,0,0,1333.2,3,5,0.008333333,0.008333333,11.11,2,0,0,11.11,0,1,1,0,0,0,0,0,0,0,0,0,1,0,0,0,0,1,1,0,1,0,1,0,0,0,0,0,474.4416,-5.514251732,0.002516213,-5.519337501,0,0.004994761,0,0,0,-3.854889175,-1.664448326,0,0,0,NA,NA,NA,NA,NA,NA,4,0,1,161,26,30,32.29999924,47.66955566
9,1,Hybrid sun,v36_9,1,Hybrid,12,20,0,0.371991867,14.15481371,1.5,1,0,0,1,1,0,0,1,0,0,0,0,0,1111,3,0,0,0,0,2,0,0,0,0,1,1,0,0,0,0,0,0,0,0,0,1,0,0,0,0,1,1,0,1,0,1,0,0,0,0,0,0,-5.069890598,0.009442855,-5.08639847,0,0,0.014337014,0,0,0,-5.08639847,0,0,0,NA,NA,NA,NA,NA,NA,3,0,1,161,26,30,32.29999924,47.66955566
13,1,Hybrid shade,v36_13,1,Hybrid,20,30,1,0.371991867,19.83767414,1.5,2,0,0,1,0,0,0,0,0,0,0,0,0,1599.84,3,5,0.013888889,0.013888889,22.22,0,0,0,0,22.22,1,0,0,0,0,0,0,0,1,0,0,0,1,0,0,1,1,1,1,1,0,0,1,0,0,0,0,0,-5.241588962,0.002863265,-5.246527516,0,0.004201635,0,0,0,-3.249189525,-1.997337991,0,0,0.083236588,0.081572179,0,0,0,1.83E-06,0.001662578,2,0,1,161,26,30,32.29999924,47.66955566
14,2,Hybrid shade,v36_14,1,Hybrid,12,30,0,0.289755323,16.30385935,3.5,1,1,1,1,1,0,0,1,1,0,0,0,0,1166.55,1,25,0.019047619,0.019047619,22.22,1,1,11.11,0,22.22,1,1,0,0,0,0,0,0,0,0,0,1,1,0,0,0,2,1,0,1,0,1,1,0,0.3706575,0,0.3706575,0,-7.455525651,0.368936524,-7.912925908,0.348312422,0.002100817,0.025494819,0,0,-3.300403657,-4.612522251,0,0,0.121041097,NA,NA,NA,NA,NA,NA,2,0,1,167,25.89999962,30,32.29999924,47.47857666
15,2,Hybrid shade,v36_15,1,Hybrid,9,30,0,0.454870884,34.58987413,3.5,1,1,1,1,1,0,0,1,1,0,0,0,0,1111,3,25,0.01,0.01,11.11,1,1,22.22,0,0,1,1,0,0,0,0,0,0,0,0,0,1,1,0,0,0,2,1,0,1,0,1,1,0,0,0.3706575,0.3706575,0,-6.831121674,0.024925364,-6.873191225,0,0.00351082,0.030727691,1.87E-05,0,-2.478734061,-4.392878335,0,-0.001578829,0.403486963,NA,NA,NA,NA,NA,NA,3,1,3,167,25.89999962,30,32.29999924,47.47857666
16,3,Hybrid shade,v36_16,1,Hybrid,13,30,0,0.289755323,15.44610662,1.5,1,0,1,1,1,0,0,1,1,0,0,0,0,1088.78,1,15,0.020408163,0.020408163,22.22,1,1,33.33,0,0,1,0,0,0,0,0,0,0,0,0,0,0,1,0,0,0,1,1,0,1,0,0,1,0,0,0,0,0,-8.044854453,0.02020346,-8.077984757,0,0,0.024491228,0.005006823,0,-3.34987989,-4.305020768,0,-0.423084099,0.174549173,NA,NA,NA,NA,NA,NA,2,1,2,161,26,30,32.29999924,47.66955566
17,1,Hybrid sun,v36_17,1,Hybrid,7,20,1,0.207518779,13.78999045,3.5,2,0,0,1,0,0,0,0,0,0,0,0,0,1244.32,3,0,0,0,0,0,0,0,0,0,1,1,0,0,0,0,0,0,0,0,0,1,0,0,0,0,1,1,0,1,0,1,0,0,0,0,0,415.1364,-2.330227656,0,-2.330227656,0,0,0,0,0,0,-2.330227656,0,0,0,0,0,0,0,0,0,4,0,1,161,26,30,32.29999924,47.66955566
19,1,Amazonia,v36_19,1,Amazonia,7,50,0,0.123997289,65.2440952,4.5,1,1,1,1,1,0,0,1,1,0,0,0,0,1033.23,1,15,0.010752688,0.010752688,11.11,2,0,0,0,11.11,1,0,0,0,0,0,0,0,1,0,0,0,1,0,0,1,1,1,1,1,0,0,1,0,0,0.3706575,0.3706575,0,-5.611565511,0.011414525,-5.633913226,0,0.003501362,0.017801503,0,0,-2.064515356,-3.56939787,0,0,0.007408369,NA,NA,NA,NA,NA,NA,2,0,1,161,26,30,32.29999924,47.66955566
21,2,Hybrid sun,v36_21,1,Hybrid,15,20,0,0.906529403,39.72537216,1.5,2,1,1,1,0,0,0,1,0,0,0,0,0,1088.78,1,0,0,0,0,1,0,0,0,0,1,1,0,0,0,0,0,0,0,0,0,1,1,0,0,0,2,1,0,1,0,1,1,0,0,0.3706575,0.3706575,50.83302857,-4.964204659,0.014133815,-4.984670501,0,0,0.014050274,0,0,0,-4.984670501,0,0,1.611705934,NA,NA,NA,NA,NA,NA,3,0,1,154,26,29,32.29999924,47.72449112
22,2,Hybrid shade,v36_22,1,Hybrid,6,30,1,0.082879017,12.01924687,3.5,1,0,1,1,0,0,0,1,1,0,0,0,0,833.25,2,5,0.026666667,0.026666667,22.22,0,0,22.22,11.11,22.22,1,1,0,0,0,0,0,0,0,0,0,1,1,0,0,0,2,1,0,3,0,1,1,0,0,0,0,0,-4.162856871,0.007136589,-4.177856567,0,0.001386254,0.013739197,0,0,-0.883197816,-3.294658751,0,0,0,0,0,0,0,0,0,3,1,3,154,26,29,32.29999924,47.72449112
23,1,Hybrid sun,v36_23,1,Hybrid,17,20,0,1.237402998,66.63550928,1.5,2,0,0,1,1,0,0,1,1,0,0,0,0,1088.78,3,0,0,0,0,0,1,0,0,0,0,1,0,0,0,0,0,0,0,0,0,1,0,0,0,0,1,1,0,2,0,1,0,0,0,0,0,0,-4.937243823,0.074227682,-5.04298495,0,0,0.058638472,0.005621133,0,0,-4.984670501,0,-0.058314449,3.031197392,2.970244499,0.060952893,0,0,0,0,3,0,1,161,26,30,32.29999924,47.66955566
24,1,Hybrid shade,v36_24,1,Hybrid,7,30,1,0.123997289,13.71719928,3.5,2,0,0,1,0,0,0,1,1,0,0,0,0,1055.45,3,15,0.052631579,0.052631579,55.55,0,0,11.11,22.22,0,0,1,0,0,0,0,0,0,0,0,0,1,0,0,0,0,1,1,0,3,0,1,0,0,0,0,0,0,-19.75634084,0.016122007,-19.78905433,0,0.014052737,0.018088243,0,0,-15.61581991,-4.173234418,0,0,0,0,0,0,0,0,0,3,0,1,167,25.89999962,30,32.29999924,47.47857666
27,2,Amazonia,v36_27,1,Amazonia,15,50,0,0.124639762,12.37070247,1.5,1,0,0,1,1,0,0,1,1,0,0,0,0,1255.43,1,45,0.026548673,0.026548673,33.33,2,1,0,11.11,11.11,0,1,0,0,0,0,0,0,0,0,0,1,0,0,0,0,1,1,0,1,0,1,0,0,0,0,0,0,-14.23228698,0.020574698,-14.27243082,0,0.0175541,0.020692057,0,0,-9.935420503,-4.337010316,0,0,0,NA,NA,NA,NA,NA,NA,3,0,1,161,26,30,32.29999924,47.66955566
28,4,Hybrid shade,v36_28,1,Hybrid,9,30,1,0.165115561,12.55592888,3.5,1,0,1,1,0,0,0,1,1,0,0,0,0,1333.2,3,15,0.041666667,0.041666667,55.55,0,0,0,0,33.33,1,0,0,0,0,0,0,0,0,0,0,0,1,0,0,0,1,1,0,1,0,0,1,0,0,0,0,0,-13.35929068,0.017854159,-13.39442781,0,0.010504087,0.02315414,0,0,-8.122973812,-5.271454002,0,0,0.036173258,0.028737692,0,0,0,3.27E-06,0.007432292,3,0,1,151,26.10000038,28,32.5,47.81307602
29,1,Hybrid shade,v36_29,1,Hybrid,20,30,1,0.165758034,8.839585367,3.5,1,1,0,1,1,0,0,1,1,0,0,0,0,1222.1,1,25,0.054545455,0.054545455,66.66,0,0,22.22,0,33.33,0,1,0,0,0,0,0,0,0,0,0,1,0,0,0,0,1,1,0,2,0,1,0,0,0.741315,0,0.741315,0,-16.37872736,0.327685229,-16.8901008,0.295072906,0.016834912,0.021743589,0,0,-12.05793463,-4.832166168,0,0,0.060974012,0.043197473,0,0,0,9.76E-06,0.017766775,3,0,1,151,26.10000038,28,32.5,47.81307602
30,1,Hybrid shade,v36_30,1,Hybrid,14,30,1,0.618701499,31.79316515,3.5,1,0,0,1,1,0,0,1,1,0,0,0,0,1333.2,1,25,0.033333333,0.033333333,44.44,0,0,11.11,0,11.11,0,1,0,0,0,0,0,0,0,0,0,1,0,0,0,0,1,1,0,2,0,1,0,0,0,0,0,0,-5.425740885,0.033421275,-5.478755042,0,0.000297472,0.039498516,0,0,-0.207301041,-5.271454002,0,0,0.277984407,0.277984407,0,0,0,0,0,2,0,1,150,26,28,32.5,47.93396759
31,3,Hybrid shade,v36_31,1,Hybrid,12,30,0,0.577583227,32.49926731,0,1,0,1,1,0,0,0,0,0,0,0,0,0,1922.03,1,15,0.011560694,0.011560694,22.22,2,1,11.11,0,11.11,1,0,0,0,0,0,0,0,1,0,0,0,1,0,0,1,1,1,1,1,0,0,1,0,0,0,0,0,-6.167347069,0.004652935,-6.174675989,0,0.005611637,0,0,0,-3.775096319,-2.39957967,0,0,0.682885625,NA,NA,NA,NA,NA,NA,1,0,1,151,26.10000038,28,32.5,47.81307602
34,1,Hybrid shade,v36_34,1,Hybrid,20,30,1,0.082879017,4.419792684,3.5,2,0,0,1,0,0,0,1,1,0,0,0,0,1044.34,3,15,0.053191489,0.053191489,55.55,0,0,0,0,55.55,1,1,1,0,0,0,0,0,0,0,0,1,0,0,0,0,1,1,0,1,0,1,0,0,0,0,0,0,-12.22553634,0.01275534,-12.25227945,0,0.010504087,0.01646323,0,0,-8.122973812,-4.129305635,0,0,0,0,0,0,0,0,0,1,0,1,150,26,28,32.5,47.93396759
35,3,Hybrid sun,v36_35,1,Hybrid,10,20,1,0.144877662,5.88371418,3.5,0.5,0,1,1,1,0,0,1,1,0,0,0,0,1233.21,1,0,0,0,0,0,0,0,0,0,1,1,0,0,0,0,0,0,0,0,0,1,1,0,0,0,2,1,0,1,0,1,1,0,0,0,0,0,-5.624308199,0.010666512,-5.645902302,0,0,0.021134563,0,0,0,-5.645902302,0,0,0,0,0,0,0,0,0,2,1,3,151,26.10000038,28,32.5,47.81307602
37,2,Amazonia,v36_37,1,Amazonia,50,50,1,0.123997289,36.13803489,3.5,1,1,0,1,1,0,0,0,0,0,0,0,0,1122.11,1,0,0,0,0,0,0,0,0,0,1,1,0,0,0,0,0,0,0,0,0,1,1,0,0,0,2,1,0,2,0,1,1,0,0.2223945,0,0.2223945,49.421,-0.65290051,0.131498579,-0.840546404,0.124888968,0,0,0,0,0,-0.840546404,0,0,0.001975541,0.001975541,0,0,0,0,0,3,0,1,151,26.10000038,28,32.5,47.81307602
39,3,Hybrid sun,v36_39,1,Hybrid,9,20,1,0.061998645,2.782491424,3.5,1,0,0,1,1,0,0,0,0,0,0,0,0,1088.78,1,0,0,0,0,0,0,0,0,0,1,1,0,0,0,0,0,0,0,0,0,1,1,0,0,0,2,1,0,1,0,1,1,0,0,0,0,0,-2.038949199,0,-2.038949199,0,0,0,0,0,0,-2.038949199,0,0,0,0,0,0,0,0,0,4,0,1,151,26.10000038,28,32.5,47.81307602
45,1,Hybrid shade,v36_45,1,Hybrid,6,30,1,0.123354816,17.88911162,1.5,2,1,0,1,1,0,0,1,1,0,0,0,0,1210.99,1,25,0.036697248,0.036697248,44.44,0,0,0,11.11,0,0,1,0,0,0,0,0,0,0,0,0,1,0,0,0,0,1,1,0,4,0,1,0,0,0.3706575,0,0.3706575,0,-19.42601127,0.138763632,-19.67223943,0.10979457,0.01968329,0.020072275,0,0,-14.88400204,-4.788237385,0,0,0.01616766,0.005907019,0,0,0,2.41E-06,0.01025823,3,0,1,146,26.10000038,28,32.5,47.89744186
47,2,Hybrid shade,v36_47,1,Hybrid,14,30,1,0.291040269,14.95566336,3.5,1,0,1,1,1,0,0,0,0,0,0,0,0,1377.64,1,5,0.024193548,0.024193548,33.33,0,0,0,0,22.22,1,1,0,0,0,0,0,0,0,0,0,1,1,0,0,0,2,1,0,1,0,1,1,0,0,0,0,0,-6.586630571,0.003928382,-6.593714224,0,0.006302452,0,0,0,-4.873784287,-1.719929937,0,0,0.201405811,0.19181841,0,0,0,7.03E-06,0.009580369,4,0,1,151,26.10000038,28,32.5,47.81307602
48,2,Amazonia,v36_48,1,Amazonia,15,50,1,0.207518779,20.59658194,1.5,1,1,0,1,0,0,0,0,0,0,0,0,0,1322.09,1,5,0.008403361,0.008403361,11.11,0,0,11.11,0,0,1,1,0,0,0,0,0,0,0,0,0,1,0,0,0,0,1,1,0,1,0,1,0,0,0.26934445,0,0.26934445,29.6526,-3.556178698,0.014741188,-3.655373921,0.042378795,0.005851367,0,0,0,-2.665027167,-0.990346754,0,0,0.102357192,0.098492334,0,0,0,5.09E-06,0.003859772,4,0,1,151,26.10000038,28,32.5,47.81307602
53,3,Hybrid sun,v36_53,1,Hybrid,16,20,0,0.165115561,7.946860388,3.5,1,0,1,1,1,0,0,1,0,0,0,0,0,1244.32,1,0,0,0,0,2,0,0,0,0,1,1,0,0,0,0,0,0,0,0,0,1,1,0,0,0,2,1,0,2,0,1,1,0,0,0,0,0,-5.680174141,0.008417617,-5.696766287,0,0,0.016057456,0,0,0,-5.696766287,0,0,0.012661416,NA,NA,NA,NA,NA,NA,1,0,1,151,26.10000038,28,32.5,47.81307602
54,2,Hybrid sun,v36_54,1,Hybrid,18,20,0,0.371670631,22.76578813,3.5,1,1,1,1,0,0,0,1,0,0,0,0,0,1155.44,1,0,0,0,0,2,0,0,0,0,1,1,0,0,0,0,0,0,0,0,0,1,1,0,0,0,2,1,0,1,0,1,1,0,0.3706575,0,0.3706575,133.4367,-4.919080852,0.301384445,-5.289854409,0.297261967,0,0.014910495,0,0,0,-5.289854409,0,0,0.211488819,NA,NA,NA,NA,NA,NA,3,0,1,151,26.10000038,28,32.5,47.81307602
60,1,Hybrid shade,v36_60,1,Hybrid,17,30,0,0.123997289,6.197685558,1.5,1,0,0,0,1,0,0,1,1,0,0,0,0,922.13,1,15,0.012048193,0.012048193,11.11,2,1,0,0,11.11,0,0,0,0,0,0,0,0,0,0,0,0,0,0,0,0,0,NA,NA,1,0,0,0,0,0,0,0,0,-5.510521054,0.014522676,-5.542843123,0,0.002174756,0.016367802,0.013213851,0,-1.759671691,-3.646089018,0,-0.137082414,0,NA,NA,NA,NA,NA,NA,2,0,1,151,26.10000038,28,32.5,47.81307602
61,2,Amazonia,v36_61,1,Amazonia,25,50,0,0.123997289,8.689431138,1.5,1,0,0,1,1,0,0,1,1,0,0,0,0,1410.97,1,45,0.023622047,0.023622047,33.33,0,1,0,11.11,22.22,0,0,0,0,0,0,0,0,0,0,0,0,0,0,0,0,0,NA,NA,1,0,0,0,0,0,0,0,0,-14.6419488,0.021626365,-14.68415217,0,0.0175541,0.022676088,0,0,-9.809813144,-4.874339027,0,0,0.016129221,0.012131124,0,0,0,3.51E-06,0.003994588,2,0,1,149,26.10000038,28,32.5,48.06442642
95,2,Amazonia,v36_95,1,Amazonia,21,50,0,0.185674697,13.2928612,3.5,1,1,0,1,0,0,0,1,1,0,0,0,0,1199.88,1,0,0,0,0,4,1,0,0,0,0,1,0,0,0,0,0,0,0,0,0,1,0,0,0,0,1,1,0,1,0,1,0,0,0.00247105,0,0.00247105,0,-4.119962249,0.013710298,-4.145107204,0.000512847,0,0.02217452,0,0,0,-4.145107204,0,0,0.057126323,NA,NA,NA,NA,NA,NA,3,0,1,142,26.10000038,28,32.59999847,47.9180069
123,1,Amazonia,v36_123,1,Amazonia,24,50,1,0.288470377,20.10385192,1.5,1,1,1,1,1,0,0,1,1,0,0,0,0,1344.31,1,5,0.024793388,0.024793388,33.33,0,0,11.11,11.11,0,1,1,0,0,0,0,0,0,0,0,0,1,1,0,0,0,2,1,0,1,0,1,1,0,0.345947,0,0.345947,0,-13.9211137,0.474196648,-14.46561383,0.451958581,0.00877705,0.02774244,0,0,-9.821558537,-4.644055294,0,0,0.105394553,0.102280423,0,0,0,2.73E-06,0.003111397,3,0,1,159,26,26,32.5,48.0324173
124,2,Hybrid shade,v36_124,1,Hybrid,28,30,1,0.144877662,12.19170406,1.5,1,0,1,1,1,0,0,1,1,0,0,0,0,1155.44,1,5,0.019230769,0.019230769,22.22,0,0,0,11.11,0,1,1,0,0,0,0,0,0,0,0,0,1,1,0,0,0,2,1,0,1,0,1,1,0,0,0,0,52.71573333,-11.69688714,0.010364691,-11.71764378,0,0,0.020130972,0,0,-7.149050311,-4.568593468,0,0,0,0,0,0,0,0,0,3,0,1,159,26,26,32.5,47.96069336
125,1,Hybrid shade,v36_125,1,Hybrid,10,30,1,0.454228411,30.38877839,1.5,1,0,1,0,0,0,0,1,1,0,0,0,0,844.36,1,25,0.013157895,0.013157895,11.11,0,0,0,0,11.11,1,1,0,0,0,0,0,1,0,0,0,1,1,0,0,1,2,1,0.5,1,0,1,1,0,0,0,0,0,-4.927133239,0.02126148,-4.963182297,0,0.002100817,0.027263657,0,0,-1.624594762,-3.338587534,0,0,0.287865693,0.28590726,0,0,0,4.30E-06,0.00195413,1,0,1,159,26,26,32.5,48.0324173
127,2,Hybrid shade,v36_127,1,Hybrid,10,30,1,0.165115561,11.04655735,3.5,1,0,1,1,0,0,0,1,1,0,0,0,0,1333.2,1,5,0.008333333,0.008333333,11.11,0,0,0,0,11.11,1,1,0,0,0,0,0,0,0,0,0,1,1,0,0,0,2,1,0,2,0,1,1,0,0,0,0,0,-6.869684127,0.013376497,-6.896048764,0,0.002100817,0.02315414,0,0,-1.624594762,-5.271454002,0,0,0.065255163,0.06203912,0,0,0,7.07E-06,0.003208976,2,0,1,171,26,27,32.5,47.79677582
129,3,Amazonia,v36_129,1,Amazonia,10,50,1,0.062319881,13.27745033,1.5,2,0,1,1,0,0,0,1,1,0,0,0,0,1088.78,1,5,0.051020408,0.051020408,55.55,0,0,0,0,33.33,1,1,0,0,0,0,0,0,0,0,0,1,1,0,0,0,2,1,0,1,0,1,1,0,0,0,0,0,-13.62911259,0.016111743,-13.66272333,0,0.017506811,0.016295889,0,0,-9.901422344,-3.761300982,0,0,0,0,0,0,0,0,0,1,1,3,159,26,26,32.5,48.0324173
133,3,Amazonia,v36_133,1,Amazonia,20,50,1,0.033023112,2.42597319,1.5,1,0,1,1,0,0,0,0,0,0,0,0,0,777.7,1,5,0.014285714,0.014285714,11.11,0,0,11.11,0,0,1,0,0,0,0,0,0,0,0,0,0,0,0,0,0,0,0,NA,NA,1,0,0,0,0,0,0,0,0,-3.241918052,0.002617664,-3.247584081,0,0.005851367,0,0,0,-2.665027167,-0.582556914,0,0,0,0,0,0,0,0,0,1,0,1,159,26,26,32.5,47.96069336
144,3,Amazonia,v36_144,1,Amazonia,23,50,1,0.619986445,43.26389669,1.5,2,1,1,1,0,0,0,1,1,0,0,0,0,755.48,1,0,0,0,0,0,0,0,0,0,1,1,0,0,0,0,0,0,0,0,0,1,1,0,0,0,2,1,0,1,0,1,1,0,0.3706575,0,0.3706575,0,-1.574177631,1.040445814,-2.609882314,1.040741404,0,0.03208957,0,0,0,-2.609882314,0,0,1.190322178,1.190322178,0,0,0,0,0,1,0,1,159,26,26,32.5,48.0324173
152,3,Hybrid shade,v36_152,1,Hybrid,12,30,0,0.166400507,9.362970227,1.5,1,0,1,1,1,0,0,1,1,0,0,0,0,1533.18,1,35,0.014492754,0.014492754,22.22,2,1,11.11,0,11.11,1,0,0,0,0,0,0,0,1,0,0,0,1,0,0,1,1,1,1,1,0,0,1,0,0,0,0,0,-10.18346325,0.016723206,-10.21633824,0,0.005685576,0.025781104,0,0,-4.15416614,-6.062172102,0,0,0.004267616,NA,NA,NA,NA,NA,NA,3,0,1,168,26,26,32.5,47.9437561
153,4,Hybrid shade,v36_153,1,Hybrid,28,30,0,0.146483844,12.32686708,3.5,1,0,1,1,0,0,0,0,1,1,0,1,0,1577.62,3,25,0.014084507,0.014084507,22.22,0,1,0,0,22.22,1,0,0,0,0,0,0,0,1,0,0,0,1,0,0,1,1,1,1,1,0,0,1,0,0,0,0,0,-9.451929525,0.0408294,-9.48707676,0,0.004201635,0.02035856,0,0.024348152,-3.249189525,-6.237887235,0,0,0,0,0,0,0,0,0,3,0,1,171,26,27,32.5,47.79677582
155,1,Amazonia,v36_155,1,Amazonia,24,50,0,1.04080626,72.53505594,4.5,3.5,1,1,1,1,0,0,1,1,0,0,0,0,1433.19,1,35,0.015503876,0.015503876,22.22,2,1,0,11.11,11.11,1,0,0,0,0,0,0,0,1,0,0,0,1,0,0,1,1,1,1,1,0,0,1,0,0,0.3706575,0.3706575,197.684,-11.51109791,0.096666048,-11.63742389,0,0.011825964,0.05599884,0,0,-6.686323623,-4.951100272,0,0,3.366498903,NA,NA,NA,NA,NA,NA,2,0,1,159,26,26,32.5,48.0324173
158,3,Hybrid sun,v36_158,1,Hybrid,8,20,1,0.206876306,10.88336812,1.5,1,1,1,1,1,0,0,1,1,0,0,0,0,1099.89,1,0,0,0,0,0,0,0,0,0,1,1,0,0,0,0,0,0,0,0,0,1,1,0,0,0,2,1,0,1,0,1,1,0,0.3706575,0,0.3706575,0,-4.762973992,0.181842504,-5.035534486,0.165459556,0,0.021648161,0,0,0,-5.035534486,0,0,0.015567194,0.015567194,0,0,0,0,0,1,0,1,159,26,26,32.5,48.0324173
159,1,Amazonia,v36_159,1,Amazonia,28,50,1,1.03438153,76.39457475,3.5,2,0,1,1,1,0,0,1,1,0,0,0,0,622.16,1,25,0.017857143,0.017857143,11.11,0,0,0,11.11,0,1,1,0,0,0,0,0,0,0,0,0,0,0,0,0,0,0,NA,NA,1,0,0,0,0,0,0,0,0,-5.616166111,0.063452503,-5.700283086,0,0,0.045301313,0,0,-3.550968239,-2.149314847,0,0,3.385542261,3.385542261,0,0,0,0,0,2,0,1,159,26,26,32.5,48.0324173
162,2,Hybrid shade,v36_162,1,Hybrid,43,30,1,0.206233833,73.66247709,3.5,2,0,1,1,1,0,0,1,1,0,0,0,0,666.6,1,15,0.05,0.05,33.33,0,0,11.11,0,0,1,1,0,1,0,0,0,0,0,0,0,1,1,0,0,0,2,1,0,2,0,1,1,0,0,0,0,0,-9.790160789,0.014786865,-9.818588191,0,0.01053246,0.016033575,0,0,-7.182861191,-2.635727001,0,0,0,0,0,0,0,0,0,2,0,1,171,26,27,32.5,47.79677582
166,1,Hybrid shade,v36_166,1,Hybrid,18,30,1,0.061998645,3.138978858,1.5,1,0,0,0,0,0,0,1,1,0,0,0,0,711.04,1,5,0.03125,0.03125,22.22,0,0,11.11,0,0,1,1,0,0,0,0,0,0,0,0,0,0,0,0,0,0,0,NA,NA,4,0,0,0,0,0,0,0,0,-7.58198267,0.008437855,-7.600016261,0,0.00702164,0.011409729,0,0,-4.788574127,-2.811442134,0,0,0,0,0,0,0,0,0,3,0,1,159,26,26,32.5,47.96069336
196,2,Hybrid shade,v36_196,1,Hybrid,34,30,1,0.621913864,87.3528329,1.5,1,1,1,1,1,1,0,1,1,0,0,0,0,866.58,1,5,0.038461538,0.038461538,33.33,0,0,11.11,11.11,0,1,1,0,0,0,0,0,0,0,0,0,1,1,0,0,0,2,1,0,2,0,1,1,0,0.49421,0,0.49421,0,-11.79904024,0.742658645,-12.60166963,0.738063497,0.012647464,0.033592723,0,0,-9.175224533,-3.426445101,0,0,0.759575569,0.743249422,0,0,0,1.19E-05,0.016314213,2,0,1,159,26,26,32.5,47.96069336
224,4,Hybrid sun,v36_224,1,Hybrid,16,20,0,0.498559048,23.99518934,3.5,1,1,1,1,0,0,0,1,1,0,0,0,0,1099.89,3,0,0,0,0,2,0,0,0,0,1,0,0,0,0,0,0,0,0,0,0,0,1,0,0,0,1,1,0,1,0,0,1,0,0,0.98842,0.98842,0,-4.996182659,0.023153313,-5.035534486,0,0,0.032158567,0,0,0,-5.035534486,0,0,0.457138624,NA,NA,NA,NA,NA,NA,2,0,1,184,25.89999962,24,32.40000153,48.51202774
228,3,Amazonia,v36_228,1,Amazonia,16,50,1,0.415037558,37.73437153,3.5,1,1,1,1,0,0,0,1,0,0,0,0,0,1277.65,1,25,0.008695652,0.008695652,11.11,0,0,0,0,11.11,0,0,0,0,0,0,0,0,0,0,0,0,0,0,0,0,0,NA,NA,1,0,0,0,0,0,0,0.3706575,0,-6.367924743,0.016692033,-6.394056029,0,0.003501362,0.016487566,0,0,-1.980284469,-4.41377156,0,0,0.45255342,0.449910038,0,0,0,5.81E-06,0.002637574,3,0,1,182,26,25,32.40000153,48.58368301
241,1,Hybrid shade,v36_241,1,Hybrid,13,30,0,0.229041625,12.20961643,1.5,1,0,1,1,0,0,0,1,1,0,0,0,0,1522.07,1,25,0.051094891,0.051094891,77.77,2,1,11.11,0,33.33,0,0,0,0,0,0,0,0,0,0,0,0,0,0,0,0,0,NA,NA,1,0,0,0,0,0,0,0,0,-20.50598898,0.027524718,-20.55782481,0,0.019899516,0.027894924,0,0,-14.53958149,-6.018243319,0,0,0.068012126,NA,NA,NA,NA,NA,NA,4,0,1,182,26,25,32.40000153,48.58368301
262,4,Hybrid shade,v36_262,1,Hybrid,12,30,1,0.619986445,34.88519795,0,1,0,1,1,0,0,0,0,0,0,0,0,0,1944.25,3,15,0.011428571,0.011428571,22.22,0,0,11.11,11.11,11.11,0,0,0,0,0,0,0,0,0,0,0,0,0,0,0,0,0,NA,NA,1,0,0,0,0,0,0,0,0,-2.789802281,0,-2.789802281,0,0,0,0,0,-0.362481806,-2.427320475,0,0,0.858530045,0.857292593,0,0,0,6.93E-06,0.001230526,1,0,1,201,25.79999924,23,32.20000076,48.69641495
269,1,Hybrid shade,v36_269,1,Hybrid,23,30,0,0.331516068,20.16045944,1.5,2,1,1,1,0,0,0,0,0,0,0,0,0,1433.19,1,25,0.007751938,0.007751938,11.11,1,2,0,0,11.11,0,1,0,0,0,0,0,0,0,0,0,1,0,0,0,0,1,1,0,1,0,1,0,0,0,0.3706575,0.3706575,0,-3.496257726,0.001370547,-3.498672973,0,0.002100817,0,0,0,-1.709391023,-1.78928195,0,0,0.288189895,NA,NA,NA,NA,NA,NA,3,0,1,202,25.79999924,23,32.20000076,48.72247696
270,2,Hybrid sun,v36_270,1,Hybrid,20,20,1,0.578868173,47.86525868,1.5,2,1,1,1,0,0,0,0,0,0,0,0,0,1455.41,1,0,0,0,0,0,0,0,0,0,0,1,0,0,0,0,0,0,0,0,0,1,0,0,0,0,1,1,0,1,0,1,0,0,0,0.3706575,0.3706575,0,-2.725534133,0,-2.725534133,0,0,0,0,0,0,-2.725534133,0,0,0.655115669,0.655115669,0,0,0,0,0,1,0,1,202,25.79999924,23,32.20000076,48.72247696
274,1,Hybrid shade,v36_274,1,Hybrid,14,30,1,0.124639762,6.404853624,1.5,2,1,0,0,0,0,0,0,0,0,0,0,0,1466.52,1,25,0.037878788,0.037878788,55.55,0,0,11.11,11.11,11.11,1,1,0,0,0,0,0,0,0,0,0,1,1,0,0,0,2,1,0,1,0,1,1,0,0.3706575,0,0.3706575,0,-14.45362459,0.172741892,-14.73694829,0.149828403,0.0175541,0,0,0,-12.90605513,-1.830893158,0,0,0,0,0,0,0,0,0,4,0,1,202,25.79999924,23,32.20000076,48.72247696
281,1,Hybrid shade,v36_281,1,Hybrid,21,30,1,0.248637051,13.76380939,3.5,1,1,0,0,0,0,0,1,1,0,0,0,0,1510.96,3,35,0.014705882,0.014705882,22.22,0,0,0,0,11.11,0,0,0,0,0,0,0,0,0,0,0,0,0,0,0,0,0,NA,NA,1,0,0,0,0,0,0.3706575,0.3706575,0,-9.187676539,0.019202237,-9.22350406,0,0.004201635,0.02845765,0,0,-3.249189525,-5.974314535,0,0,0.054992572,0.052737217,0,0,0,2.48E-06,0.002252874,2,0,1,209,25.70000076,23,32.20000076,48.82893753
304,2,Hybrid shade,v36_304,1,Hybrid,16,30,0,0.825577805,41.1517366,1.5,2,1,1,1,1,0,0,0,0,0,0,0,0,1099.89,1,5,0.03030303,0.03030303,33.33,3,3,0,22.22,0,1,1,0,0,0,0,0,0,0,0,0,1,1,0,0,0,2,1,0,1,0,1,1,0,0,2.5946025,2.5946025,0,-13.01324699,0.016957656,-13.03763295,0,0.014984283,0,0.001677374,0,-11.56466753,-1.373169869,0,-0.099795557,1.550137496,NA,NA,NA,NA,NA,NA,4,0,1,198,25.79999924,23,32.29999924,49.05105209
316,4,Hybrid shade,v36_316,1,Hybrid,7,30,1,0.413110139,45.70030641,3.5,1,1,1,1,0,1,0,0,0,0,0,0,0,1088.78,3,25,0.030612245,0.030612245,33.33,0,0,22.22,0,11.11,1,1,0,0,0,0,0,0,0,0,0,1,1,0,0,0,2,1,0,2,0,1,1,0,0,0.3706575,0.3706575,158.1472,-7.433414688,0.006486097,-7.44437546,0,0.009122457,0,0,0,-6.085075994,-1.359299466,0,0,0.326909768,0.315569484,0,0,0,1.72E-05,0.011323058,1,0,1,198,25.79999924,23,32.29999924,49.05105209
325,4,Hybrid shade,v36_325,1,Hybrid,18,30,0,0.16704298,8.457352364,3.5,1,1,1,1,0,0,0,1,1,0,0,0,0,1066.56,3,35,0.020833333,0.020833333,22.22,2,0,0,11.11,11.11,1,0,0,0,0,0,0,0,1,0,0,0,1,0,0,1,1,1,1,1,0,0,1,0,0.3706575,0,0.3706575,0,-9.436140602,0.168917288,-9.700676719,0.148680147,0.007095578,0.019782709,0,0,-5.483513517,-4.217163201,0,0,0,NA,NA,NA,NA,NA,NA,3,0,1,198,25.79999924,23,32.29999924,49.05105209
348,2,Hybrid sun,v35_10,2,Hybrid,5,20,1,0.083200254,12.26233439,3.5,1,0,1,1,0,0,0,0,0,0,0,0,0,1733.16,1,0,0,0,0,0,0,0,0,0,0,1,0,0,0,0,0,0,0,0,0,1,0,0,0,0,1,1,0,1,0,1,0,0,0,0,0,0,-3.245674235,0,-3.245674235,0,0,0,0,0,0,-3.245674235,0,0,0,0,0,0,0,0,0,3,0,1,231,25.39999962,30,31.60000038,47.75794983
350,3,Hybrid shade,v35_12,2,Hybrid,19,30,1,0.247994578,12.8340186,1.5,1,1,1,1,1,0,0,0,0,0,0,0,0,399.96,1,15,0.138888889,0.138888889,55.55,0,0,0,44.44,33.33,1,0,0,0,0,0,0,0,0,0,0,0,0,0,0,0,0,NA,NA,1,0,0,0,0,0,0,1.1119725,0,-15.32114535,0.013009024,-15.34522709,0,0.021960358,0,0,0,-14.84589259,-0.499334498,0,0,0.027666135,0.022313405,0,0,0,4.51E-06,0.005348223,3,1,3,220,25.5,30,31.70000076,47.86712265
353,3,Amazonia,v35_15,2,Amazonia,20,50,1,0.123997289,9.109198942,3.5,2,0,1,1,0,0,0,0,0,0,0,0,0,1733.16,1,25,0.019230769,0.019230769,33.33,0,0,0,0,11.11,1,0,0,0,0,0,0,0,1,0,0,0,1,0,0,1,1,1,1,1,0,0,1,0,0,0,0,0,-7.228103815,0.005657744,-7.2391231,0,0.010504087,0,0,0,-5.940853406,-1.298269694,0,0,0,0,0,0,0,0,0,4,0,1,220,25.5,30,31.70000076,47.86712265
354,3,Hybrid shade,v35_16,2,Hybrid,10,30,0,0.619986445,41.47831845,3.5,2,0,1,1,0,0,0,0,0,0,0,0,0,1422.08,1,25,0.015625,0.015625,22.22,0,1,11.11,0,0,1,0,0,0,0,0,0,0,1,0,0,0,1,0,0,1,1,1,1,1,0,0,1,0,0,0,0,0,-6.554626076,0.006035943,-6.563985674,0,0.00702164,0,0,0,-4.788574127,-1.775411547,0,0,0.678264777,0.670043266,0,0,0,5.41E-06,0.008216098,1,0,1,220,25.5,30,31.70000076,47.86712265
361,3,Hybrid shade,v35_23,2,Hybrid,15,30,1,0.123997289,6.234840237,3.5,1,0,1,1,0,0,0,0,0,0,0,0,0,444.4,1,15,0.025,0.025,11.11,0,0,0,0,11.11,1,0,0,0,0,0,0,0,0,0,0,0,1,0,0,0,1,1,0,1,0,0,1,0,0,0,0,988.42,-2.177272633,0.00105736,-2.179410871,0,0.002100817,0,0,0,-1.624594762,-0.554816109,0,0,0,0,0,0,0,0,0,2,0,1,231,25.39999962,30,31.60000038,47.75794983
363,2,Hybrid shade,v35_25,2,Hybrid,11,30,0,0.494382974,29.96699861,3.5,1,0,1,1,0,0,0,0,0,0,0,0,0,833.25,1,35,0.053333333,0.053333333,44.44,1,1,0,0,11.11,1,1,0,0,0,0,0,0,0,0,0,1,1,0,0,0,2,1,0,1,0,1,1,0,0,0,0,877.22275,-4.857583051,0.053232226,-4.909629795,0,0,0,0.04153253,0,-0.359787908,-1.040280204,0,-3.509561683,0.514382043,NA,NA,NA,NA,NA,NA,1,0,1,231,25.39999962,30,31.60000038,47.75794983
365,3,Hybrid shade,v35_27,2,Hybrid,9,30,0,0.412467666,31.36539434,3.5,1,1,1,1,0,0,0,0,0,0,0,0,0,1510.96,1,35,0.044117647,0.044117647,66.66,3,2,0,0,11.11,1,0,0,0,0,0,0,0,1,0,0,0,1,0,0,1,1,1,1,1,0,0,1,0,0,0.0148263,0.0148263,0,-12.42873223,0.009271529,-12.44440492,0,0.013048536,0,0,0,-10.55803015,-1.886374769,0,0,0.380259676,NA,NA,NA,NA,NA,NA,1,0,1,213,25.5,30,31.79999924,47.8239975
368,2,Hybrid shade,v35_30,2,Hybrid,10,30,0,0.289755323,19.38520375,1.5,3.5,1,1,1,0,0,1,1,0,0,0,0,0,1244.32,1,45,0.017857143,0.017857143,22.22,2,1,11.11,0,0,1,1,0,0,0,0,0,1,1,0,0,1,1,0,0,2,2,1,1,2,0,1,1,0,0.0197684,0,0.0197684,4.9421,-9.277838536,0.02527057,-9.32138678,0.00458494,0.007169517,0.02649841,0,0,-4.401363045,-4.920023735,0,0,0.071354201,NA,NA,NA,NA,NA,NA,2,0,1,220,25.5,30,31.70000076,47.86712265
370,2,Hybrid shade,v35_32,2,Hybrid,15,30,1,0.535822482,26.94226299,3.5,2,0,1,1,1,0,0,0,0,0,0,0,0,1088.78,3,5,0.040816327,0.040816327,44.44,0,0,11.11,0,11.11,1,1,0,0,0,0,0,0,0,0,0,1,1,0,0,0,2,1,0,1,0,1,1,0,0,0,0,17.29735,-9.383562522,0.008969169,-9.397922555,0,0.011223274,0,0,0,-8.038623089,-1.359299466,0,0,0.557714796,0.543443014,0,0,0,1.18E-05,0.014260026,4,0,1,208,25.60000038,29,31.89999962,48.21141434
374,3,Hybrid shade,v35_36,2,Hybrid,13,30,0,0.165758034,8.836131945,3.5,1,0,1,1,0,0,0,0,0,0,0,0,0,1177.66,1,35,0.037735849,0.037735849,44.44,2,1,0,11.11,0,1,0,0,0,0,0,0,0,1,0,0,0,1,0,0,1,1,1,1,1,0,0,1,0,0,0,0,0,-16.86895433,0.010655008,-16.88981939,0,0.019979044,0,0,0,-15.4195567,-1.470262688,0,0,0.004836953,NA,NA,NA,NA,NA,NA,2,0,1,231,25.39999962,30,31.60000038,47.75794983
379,3,Hybrid shade,v35_41,2,Hybrid,7,30,0,0.330231122,36.5318157,3.5,1,1,1,1,1,0,0,0,0,0,0,0,0,1099.89,1,45,0.04040404,0.04040404,44.44,0,1,0,0,11.11,1,0,0,0,0,0,0,0,0,0,0,0,0,0,0,0,0,NA,NA,1,0,0,0,0,0,0.741315,0.741315,6.177625,-8.252867814,0.00749636,-8.26622727,0,0.008403269,0,0.00322524,0,-6.837564091,-1.373169869,0,-0.05549331,0.234248369,NA,NA,NA,NA,NA,NA,3,0,1,208,25.60000038,29,31.89999962,48.21141434
380,2,Hybrid shade,v35_42,2,Hybrid,11,30,1,1.24639762,75.55032789,3.5,1,1,1,1,0,0,0,0,0,0,0,0,0,788.81,3,5,0.042253521,0.042253521,33.33,0,0,0,0,22.22,1,1,0,0,0,0,0,0,0,0,0,1,1,0,0,0,2,1,0,1,0,1,1,0,0.03212365,0,0.03212365,0,-5.836626608,0.009577608,-5.85858288,0.0217391,0.006302452,0,0,0,-4.873784287,-0.984798593,0,0,3.392155203,3.382935916,0,0,0,6.76E-06,0.009212525,4,0,1,217,25.5,29,31.79999924,48.09352875
381,1,Hybrid shade,v35_43,2,Hybrid,12,30,0,0.123997289,6.97703959,3.5,3.5,0,0,1,0,0,0,0,0,0,0,0,0,711.04,1,55,0.078125,0.078125,55.55,1,1,0,0,66.66,1,0,0,0,0,0,0,0,0,0,0,0,0,0,0,0,0,NA,NA,1,0,0,0,0,0,0,0,44.4789,-11.25525947,0.030356147,-11.29549765,0,0.009634217,0,0.029899768,0,-7.881216212,-0.887705774,0,-2.526575663,0.218354906,NA,NA,NA,NA,NA,NA,1,1,3,220,25.5,30,31.70000076,47.86712265
384,4,Hybrid shade,v35_46,2,Hybrid,11,30,0,1.647943245,99.88999538,4.5,1,1,1,1,0,1,0,0,0,0,0,0,0,1355.42,1,35,0.016393443,0.016393443,22.22,2,2,0,0,22.22,1,0,0,0,0,0,0,0,1,0,0,0,1,0,0,1,1,1,1,1,0,0,1,0,0.3706575,0,0.3706575,0,-5.075430664,0.022225085,-5.211532513,0.331646267,0.004349512,0,0,0,-3.519343382,-1.692189131,0,0,5.647394275,NA,NA,NA,NA,NA,NA,1,0,1,217,25.5,29,31.79999924,48.09352875
386,3,Hybrid shade,v35_48,2,Hybrid,20,30,1,0.329588649,17.57638486,1.5,2,1,1,1,1,0,0,0,0,0,0,0,0,1522.07,1,35,0.01459854,0.01459854,22.22,0,0,0,11.11,0,1,0,0,0,0,0,0,0,1,0,0,0,1,0,0,1,1,1,1,1,0,0,1,0,0,0,0.0296526,0,-9.330943601,0.006406937,-9.342246194,0,0.009841645,0,0,0,-7.442001022,-1.900245172,0,0,0.221322439,0.20862869,0,0,0,5.96E-06,0.012687785,1,0,1,208,25.60000038,29,31.89999962,48.21141434
387,2,Hybrid shade,v35_49,2,Hybrid,15,30,0,0.498559048,25.06858044,3.5,2,0,1,1,0,0,0,1,0,0,0,0,0,1466.52,1,45,0.022727273,0.022727273,33.33,2,1,11.11,22.22,0,1,1,0,0,0,0,0,0,0,0,0,1,1,0,0,0,2,1,0,3,0,1,1,0,0,0,0,12.35525,-14.64500336,0.024567219,-14.68479146,0,0.012758372,0.018924859,0,0,-8.886192059,-5.798599402,0,0,0.518431155,NA,NA,NA,NA,NA,NA,2,0,1,213,25.5,30,31.79999924,47.8239975
388,2,Hybrid shade,v35_50,2,Hybrid,9,30,0,0.061998645,4.714580301,1.5,2,1,1,1,0,0,0,1,0,0,0,0,0,888.8,1,25,0.0125,0.0125,11.11,2,1,0,0,11.11,1,1,0,0,0,0,0,0,0,0,0,1,1,0,0,0,2,1,0,1,0,1,1,0,0.0247105,0,0.0247105,9.8842,-5.476084038,0.016261113,-5.515863167,0.001226294,0.002174756,0.011469611,0.023316504,0,-1.759671691,-3.514302668,0,-0.241888808,0,NA,NA,NA,NA,NA,NA,2,0,1,220,25.5,30,31.70000076,47.86712265
390,2,Hybrid shade,v35_52,2,Hybrid,10,30,1,0.704150408,47.10905391,3.5,1,1,1,1,0,0,0,1,0,0,0,0,0,1111,3,55,0.02,0.02,22.22,0,0,0,0,22.22,1,1,0,0,0,0,0,1,1,0,0,1,1,0,0,2,2,1,1,1,0,1,1,0,0.3706575,0,0.3706575,1.647366667,-6.786000564,0.841184209,-7.64206786,0.846453246,0.004201635,0.014337014,0,0,-3.249189525,-4.392878335,0,0,1.040461608,1.03457027,0,0,0,6.48E-06,0.005884858,2,0,1,208,25.60000038,29,31.89999962,48.21141434
395,3,Amazonia,v35_57,2,Amazonia,28,50,0,0.288791614,21.32879587,4.5,1,1,1,1,0,0,0,0,0,0,0,0,0,1088.78,1,25,0.020408163,0.020408163,22.22,2,1,0,0,22.22,1,0,0,0,0,0,0,0,1,0,0,0,1,0,0,1,1,1,1,1,0,0,1,0,0.3706575,0,0.3706575,0,-4.680945681,0.354814489,-5.09466111,0.358948735,0.007249187,0,0.002342139,0,-4.254783743,-0.81557968,0,-0.024297687,0.147409913,NA,NA,NA,NA,NA,NA,1,0,1,217,25.5,29,31.79999924,48.09352875
398,3,Amazonia,v35_60,2,Amazonia,30,50,0,0.579510646,45.48241496,3.5,1,0,1,1,0,0,0,1,0,0,0,0,0,1033.23,1,25,0.010752688,0.010752688,11.11,0,1,11.11,0,0,1,1,0,0,0,0,0,0,0,0,0,1,1,0,0,0,2,1,0,1,0,1,1,0,0,0,0,7.90736,-5.372083999,0.034762136,-5.431028648,0,0,0.013333423,0.027227837,0,-1.579165227,-3.56939787,0,-0.282465551,1.022232675,0.791431709,0.230800966,0,0,0,0,1,0,1,208,25.60000038,29,31.89999962,48.21141434
411,5,Hybrid shade,v35_73,2,Hybrid,7,30,0,0.101510734,11.22962428,3.5,1,1,1,1,1,0,0,1,0,0,0,0,0,799.92,1,55,0.013888889,0.013888889,11.11,2,0,0,0,11.11,1,0,1,0,0,0,0,0,0,0,0,0,1,0,1,0,2,1,0,1,0,0,1,1,0.3706575,0,0.3706575,0,-4.719553568,0.107025283,-4.922544092,0.090351781,0.002174756,0.01032265,0,0,-1.759671691,-3.162872401,0,0,0,NA,NA,NA,NA,NA,NA,2,0,1,187,25.70000076,29,32.09999847,47.98606873
412,5,Hybrid shade,v35_74,2,Hybrid,10,30,1,0.412467666,27.59490202,3.5,1,0,1,1,1,0,0,0,0,0,0,0,0,1833.15,1,45,0.006060606,0.006060606,11.11,0,0,11.11,0,0,1,0,1,0,0,0,0,0,0,0,0,0,1,0,1,0,2,1,0,1,0,0,1,1,0,0,0,98.842,-4.350104587,0.002494584,-4.354321458,0,0.00351082,0,0,0,-2.06570501,-2.288616448,0,0,0.16643795,0.16416097,0,0,0,3.00E-06,0.002273983,2,0,1,189,25.70000076,29,32.09999847,47.89977646
413,1,Hybrid shade,v35_75,2,Hybrid,8,30,0,0.061677408,5.528202281,1.5,2,0,0,1,0,0,0,0,0,0,0,0,0,1088.78,1,25,0.010204082,0.010204082,11.11,2,0,0,0,11.11,1,0,0,0,0,0,0,0,1,0,0,0,1,0,0,1,1,1,1,1,0,0,1,0,0,0,0,0,-3.11684378,0.000997211,-3.118971157,0,0.002174756,0,0,0,-1.759671691,-1.359299466,0,0,0,NA,NA,NA,NA,NA,NA,2,0,1,187,25.70000076,29,32.09999847,47.98606873
419,2,Hybrid shade,v35_81,2,Hybrid,7,30,0,0.248637051,27.50547213,3.5,2,0,1,1,1,0,0,1,0,0,0,0,0,1111,3,45,0.03,0.03,33.33,2,1,22.22,0,11.11,1,1,0,0,0,0,0,0,0,0,0,1,1,0,0,0,2,1,0,1,0,1,1,0,0,0,0,33.88868571,-10.59965004,0.013618381,-10.62474153,0,0.008528364,0.014337014,7.27E-06,0,-6.231249211,-4.392878335,0,-0.000613989,0.065169018,NA,NA,NA,NA,NA,NA,2,0,1,189,25.70000076,29,32.09999847,47.89977646
421,4,Hybrid sun,v35_83,2,Hybrid,8,20,1,0.412467666,21.69913768,1.5,2,0,1,1,0,0,0,0,0,0,0,0,0,1244.32,1,0,0,0,0,0,0,0,0,0,1,0,0,0,0,0,0,0,0,0,0,0,1,0,0,0,1,1,0,1,0,0,1,0,0,0,0,79.0736,-2.330227656,0,-2.330227656,0,0,0,0,0,0,-2.330227656,0,0,0.273558921,0.273558921,0,0,0,0,0,2,0,1,181,25.79999924,29,32.20000076,48.04056168
422,4,Hybrid sun,v35_84,2,Hybrid,8,20,1,0.330231122,17.37282986,3.5,1,1,1,1,1,0,0,0,0,0,0,0,0,1088.78,1,0,0,0,0,0,0,0,0,0,1,0,0,0,0,0,0,0,0,0,0,0,1,0,0,0,1,1,0,1,0,0,1,0,0,0.247105,0.247105,0,-2.038949199,0,-2.038949199,0,0,0,0,0,0,-2.038949199,0,0,0.180704044,0.180704044,0,0,0,0,0,2,0,1,181,25.79999924,29,32.20000076,48.04056168
423,3,Hybrid shade,v35_85,2,Hybrid,14,30,0,0.144877662,7.44481697,1.5,1,0,1,0,0,0,0,0,0,0,0,0,0,1522.07,1,45,0.02189781,0.02189781,33.33,3,1,0,11.11,11.11,1,0,0,0,0,0,0,0,1,0,0,0,1,0,0,1,1,1,1,1,0,0,1,0,0,0,0,2.47105,-10.11454129,0.005516554,-10.12551545,0,0.010643368,0,0,0,-8.225270276,-1.900245172,0,0,0,NA,NA,NA,NA,NA,NA,1,0,1,187,25.70000076,29,32.09999847,47.98606873
424,3,Hybrid shade,v35_86,2,Hybrid,15,30,0,0.165758034,8.334656897,0,1,0,0,0,0,0,0,0,0,0,0,0,0,1188.77,1,25,0.018691589,0.018691589,22.22,0,1,0,0,11.11,1,0,0,0,0,0,0,0,1,0,0,0,1,0,0,1,1,1,1,1,0,0,1,0,0,0,0,0,-4.728934649,0.00224077,-4.733322615,0,0.004201635,0,0,0,-3.249189525,-1.48413309,0,0,0.00892843,0.00809642,0,0,0,9.15E-07,0.000831095,1,0,1,181,25.79999924,29,32.20000076,48.04056168
426,1,Hybrid shade,v35_88,2,Hybrid,20,30,0,0.10375939,5.533306344,3.5,3.5,1,0,1,1,0,0,1,1,0,0,0,0,1077.67,1,45,0.010309278,0.010309278,11.11,4,2,0,11.11,11.11,1,1,0,0,0,0,0,0,0,0,0,1,1,0,0,0,2,1,0,1,0,1,1,0,0.0049421,0,0.0049421,0,-5.334422271,0.010296208,-5.355366334,0.000410459,0.001000391,0.017645737,0.001345456,0,-1.045579479,-4.261091985,0,-0.04869487,0,NA,NA,NA,NA,NA,NA,2,0,1,183,25.70000076,29,32.09999847,47.94460678
427,1,Amazonia,v35_89,2,Amazonia,17,50,0,0.28911285,24.45180608,3.5,1,1,1,1,1,0,0,1,1,0,0,0,0,833.25,1,45,0,0,0,0,1,0,0,0,1,1,0,0,0,0,0,0,0,0,0,1,1,0,0,0,2,1,0,3,0,1,1,0,0.0197684,0,0.0197684,0,-3.202731468,0.042439139,-3.281654384,0.006388409,0,0.021170564,0.038856956,0,0,-2.87854667,0,-0.403107714,0.065095508,0.024360983,0.040734525,0,0,0,0,2,0,1,183,25.70000076,29,32.09999847,47.94460678
428,5,Hybrid shade,v35_90,2,Hybrid,13,30,1,0.165115561,8.801883371,3.5,1,0,1,1,0,0,0,1,0,0,0,0,0,866.58,1,45,0.025641026,0.025641026,22.22,0,1,0,0,22.22,1,0,1,0,0,0,0,0,0,0,0,0,1,0,1,0,2,1,0,1,0,0,1,1,0,0,0,4.118416667,-7.30775007,0.029814386,-7.377358345,0,0.004201635,0.011182871,0.051293978,0,-3.418782045,-3.426445101,0,-0.532131198,0.008189635,NA,NA,NA,NA,NA,NA,2,0,1,187,25.70000076,29,32.09999847,47.98606873
434,3,Hybrid shade,v35_96,2,Hybrid,20,30,0,0.206233833,10.99808877,3.5,1,0,1,1,0,0,0,0,0,0,0,0,0,1188.77,1,45,0.046728972,0.046728972,55.55,1,1,11.11,0,55.55,1,0,0,1,0,0,0,0,0,0,0,0,1,0,0,0,1,1,0,1,0,0,1,0,0,0,0,0,-11.72896146,0.007889771,-11.74397351,0,0.014029093,0,0,0,-10.25984042,-1.48413309,0,0,0.078899114,NA,NA,NA,NA,NA,NA,2,0,1,187,25.70000076,29,32.09999847,47.98606873
435,3,Hybrid shade,v35_97,2,Hybrid,6,30,0,0.082557781,11.97266064,3.5,1,0,1,1,1,0,0,0,0,0,0,0,0,466.62,1,25,0.071428571,0.071428571,33.33,1,1,0,11.11,44.44,1,0,0,0,0,0,0,0,0,0,0,0,0,0,0,0,0,0,0,1,0,0,1,0,0,0,0,74.1315,-4.681943002,0.020229216,-4.708398538,0,0.002599441,0,0.024083387,0,-2.090758971,-0.582556914,0,-2.035082653,0,NA,NA,NA,NA,NA,NA,2,0,1,191,25.70000076,29,32.09999847,47.92639923
444,3,Amazonia,v35_106,2,Amazonia,11,50,0,0.123997289,21.44265207,3.5,2,1,1,1,0,0,0,1,1,0,0,0,0,1133.22,1,25,0.009803922,0.009803922,11.11,1,2,0,22.22,0,1,1,0,0,0,0,0,0,0,0,0,1,1,0,0,0,2,1,0,1,0,1,1,0,0.3706575,0.593052,0.9637095,0,-6.861424686,0.233177014,-7.201567077,0.208148281,0.007026369,0.019091834,0,0,-3.286743607,-3.914823471,0,0,0.01225486,NA,NA,NA,NA,NA,NA,2,0,1,187,25.70000076,29,32.09999847,47.98606873
446,1,Hybrid shade,v35_108,2,Hybrid,10,30,0,0.123997289,8.295663691,3.5,1,0,0,1,0,0,0,0,0,0,0,0,0,1066.56,1,25,0.020833333,0.020833333,22.22,0,1,0,11.11,0,0,0,0,0,0,0,0,0,0,0,0,0,0,0,0,0,0,NA,NA,1,0,0,0,0,0,0,0,14.8263,-8.792688483,0.006191167,-8.805876001,0,0.009841645,0,0.003115082,0,-7.442001022,-1.331558661,0,-0.032316319,0,0,0,0,0,0,0,1,0,1,187,25.70000076,29,32.09999847,47.98606873
449,3,Amazonia,v35_111,2,Amazonia,17,50,1,0.289755323,24.50614342,3.5,1,1,1,1,0,0,0,1,0,0,0,0,0,1033.23,1,25,0.010752688,0.010752688,11.11,0,0,0,0,11.11,1,1,0,0,0,0,0,0,0,0,0,1,1,0,0,0,2,1,0,1,0,1,1,0,0,0,0.3706575,0,-5.529545834,0.011928368,-5.549682339,0,0.003501362,0.013333423,0,0,-1.980284469,-3.56939787,0,0,0.266938852,0.263759386,0,0,0,6.99E-06,0.00317248,3,0,1,183,25.70000076,29,32.09999847,47.94460678
451,3,Hybrid shade,v35_113,2,Hybrid,8,30,0,0.123997289,11.11399,1.5,1,1,1,1,1,0,0,0,0,0,0,0,0,1477.63,1,25,0.015037594,0.015037594,22.22,3,2,11.11,0,11.11,1,0,0,0,0,0,0,0,1,0,0,0,1,0,0,1,1,1,1,1,0,0,1,0,0,0.00247105,0.00247105,2.47105,-2.088833811,0.000112074,-2.089060452,0,0.000222674,0,0,0,-0.244296891,-1.844763561,0,0,0,NA,NA,NA,NA,NA,NA,1,0,1,183,25.70000076,29,32.09999847,47.94460678
455,3,Amazonia,v35_117,2,Amazonia,25,50,0,0.249279524,17.46890819,1.5,3.5,0,1,1,0,0,0,0,0,0,0,0,0,922.13,1,5,0.024096386,0.012048193,11.11,1,0,0,0,22.22,1,1,0,0,0,0,0,0,0,0,0,1,1,0,0,0,2,1,0,2,0,1,1,0,0,0,0,2.824057143,-3.449625686,0,-3.449625686,0,0,0,0,0,0,-0.690746055,-2.758879631,0,0.117956291,0.003348929,0,0.114607362,0,0,0,3,0,1,183,25.70000076,29,32.09999847,47.94460678
497,5,Hybrid sun,v35_159,1,Hybrid,15,20,0,0.123997289,5.433732691,3.5,1,0,1,1,0,0,0,1,1,0,0,0,0,1222.1,1,0,0,0,0,2,1,0,0,0,1,1,1,0,0,0,0,0,0,0,0,1,1,0,0,0,2,1,0,3,0,1,1,0,0,0,0,0,-5.574600742,0.009956612,-5.595038317,0,0,0.020238796,0,0,0,-5.595038317,0,0,0.006109954,NA,NA,NA,NA,NA,NA,2,0,1,263,25.20000076,32,31.39999962,47.19273758
499,4,Amazonia,v35_161,1,Amazonia,30,50,0,0.082879017,6.504691275,1.5,2,0,0,0,0,0,0,0,0,0,0,0,0,922.13,1,35,0.012048193,0.012048193,11.11,2,0,0,0,11.11,1,0,0,0,0,0,0,0,0,0,0,0,0,0,0,0,0,NA,NA,1,0,0,0,0,0,0,0,14.8263,-2.814467797,0.001802778,-2.818137927,0,0.003624593,0,0,0,-2.127391871,-0.690746055,0,0,0,NA,NA,NA,NA,NA,NA,1,0,1,263,25.20000076,32,31.39999962,47.19273758
504,2,Hybrid sun,v35_166,2,Hybrid,8,20,0,0.123997289,6.523261016,3.5,1,1,1,1,0,0,0,1,0,0,0,0,0,1244.32,1,0,0,0,0,2,0,0,0,0,1,1,0,0,0,0,0,0,0,0,0,1,1,0,0,0,2,1,0,1,0,1,1,0,0,0.247105,0.247105,0,-5.680551119,0.007988622,-5.696766287,0,0,0.016057456,0,0,0,-5.696766287,0,0,0,NA,NA,NA,NA,NA,NA,1,0,1,288,25.10000038,32,31.20000076,47.11149597
510,5,Hybrid sun,v35_172,1,Hybrid,20,20,0,0.029553758,2.443731298,3.5,2,0,1,1,0,0,0,0,0,0,0,0,0,533.28,1,0,0,0,0,2,1,0,0,0,1,0,1,0,0,0,0,0,0,0,0,0,1,0,1,0,2,1,0,1,0,0,1,1,0,0,0,0,-1.949978911,0.034553235,-2.04653144,0,0,0,0.101007108,0,0,-0.998668995,0,-1.047862445,NA,NA,NA,NA,NA,NA,NA,1,0,1,263,25.20000076,32,31.39999962,47.19273758
511,5,Hybrid shade,v35_173,1,Hybrid,4,30,0,0.23129028,76.58344065,3.5,1,0,1,1,0,0,0,0,0,0,0,0,0,544.39,1,15,0.06122449,0.06122449,33.33,2,0,0,0,33.33,1,0,1,0,0,0,0,0,0,0,0,0,1,0,1,0,2,1,0,1,0,0,1,1,0,0,0,14.8263,-5.800978423,0.003657859,-5.807822801,0,0.006302452,0,0,0,-5.128173068,-0.679649733,0,0,0,NA,NA,NA,NA,NA,NA,1,0,1,263,25.20000076,32,31.39999962,47.19273758
512,5,Hybrid shade,v35_174,1,Hybrid,14,30,0,0.248637051,12.77669254,3.5,1,1,1,1,0,0,0,0,0,0,0,0,0,711.04,2,15,0.03125,0.03125,22.22,2,0,22.22,0,0,1,0,1,0,0,0,0,0,0,0,0,0,1,0,1,0,2,1,0,1,0,0,1,1,0,0.3706575,0.3706575,30.2703625,-4.237585664,0,-4.237585664,0,0,0,0,0,-3.34987989,-0.887705774,0,0,0.053266544,NA,NA,NA,NA,NA,NA,2,0,1,210,25.60000038,31,31.79999924,47.58649063
514,4,Amazonia,v35_176,1,Amazonia,34,50,1,0.495989156,46.2323367,1.5,1,1,1,1,0,0,0,1,1,0,0,0,0,1377.64,1,35,0.024193548,0.024193548,33.33,0,0,0,0,11.11,1,1,1,0,0,0,0,0,0,0,0,1,1,0,0,0,2,1,0,1,0,1,1,0,0.741315,0,0.741315,27.67576,-9.689810335,0.867648455,-10.70005057,0.971982008,0.010504087,0.035650218,0,0,-5.940853406,-4.75919716,0,0,0.757293061,0.748073849,0,0,0,6.76E-06,0.00921245,2,0,1,263,25.20000076,32,31.39999962,47.19273758
515,5,Hybrid shade,v35_177,1,Hybrid,20,30,0,0.415037558,22.13322538,1.5,2,0,1,1,0,0,0,1,1,0,0,0,0,1299.87,1,35,0.034188034,0.034188034,44.44,1,2,0,11.11,33.33,1,1,1,0,0,0,0,0,0,0,0,1,1,0,0,0,2,1,0,1,0,1,1,0,0,0,0,24.7105,-15.95143398,0.032214238,-16.0064869,0,0.01404328,0.031729642,0,0,-10.86681925,-5.139667652,0,0,0.373987736,NA,NA,NA,NA,NA,NA,1,0,1,263,25.20000076,32,31.39999962,47.19273758
517,5,Amazonia,v35_179,1,Amazonia,28,50,0,0.123997289,9.157858961,3.5,2,1,1,1,0,0,0,1,0,0,0,0,0,1044.34,1,55,0.021276596,0.021276596,22.22,0,1,0,0,22.22,0,1,0,0,0,0,0,0,0,0,0,1,0,0,0,0,2,1,0,1,0,2,0,0,0,0.3706575,0.3706575,22.23945,-7.963309169,0.015555741,-7.990028126,0,0.007002724,0.013476793,0.004990215,0,-3.960568938,-3.607778493,0,-0.421680695,0,0,0,0,0,0,0,1,1,3,211,25.60000038,31,31.89999962,47.56138611
518,2,Hybrid shade,v35_180,1,Hybrid,28,30,0,0.535822482,45.09038221,3.5,1,1,1,1,1,0,0,0,0,0,0,0,0,1244.32,1,55,0.053571429,0.053571429,66.66,0,1,0,0,11.11,0,1,0,0,0,0,0,0,0,0,0,1,0,0,0,0,2,1,0,2,0,2,0,0,0,0.3706575,0.3706575,25.946025,-11.28492587,0.010073309,-11.30105368,0,0.012604904,0,0,0,-9.747568574,-1.553485104,0,0,0.617374716,0.599694969,0,0,0,6.49E-06,0.01767326,2,0,1,244,25.39999962,32,31.60000038,47.09164047
519,2,Hybrid shade,v35_181,1,Hybrid,10,30,0,0.745911153,49.90293028,3.5,1,1,1,1,1,1,0,0,1,0,0,0,0,1244.32,1,55,0.044642857,0.044642857,55.55,5,2,0,11.11,44.44,1,1,0,0,0,0,0,0,0,0,0,1,1,0,0,0,2,1,0,1,0,1,1,0,0.0098842,0.3706575,0.3805417,6.502763158,-10.11245149,0.026115945,-10.14792113,0.005901458,0.005001955,0.016057456,0,0,-5.227897396,-4.920023735,0,0,1.425239064,NA,NA,NA,NA,NA,NA,2,0,1,210,25.60000038,31,31.79999924,47.58649063
520,2,Hybrid shade,v35_182,1,Hybrid,11,30,0,0.662389663,40.15071549,3.5,1,1,1,1,1,0,0,0,1,0,0,0,0,1166.55,3,45,0.047619048,0.047619048,55.55,5,2,0,11.11,44.44,1,1,0,0,0,0,0,0,0,0,0,1,1,0,0,0,2,1,0,1,0,1,1,0,0,0.3706575,0.3706575,2.96526,-18.27671084,0.02927579,-18.32130604,0,0.017738946,0.015053865,0,0,-13.70878379,-4.612522251,0,0,1.002168959,NA,NA,NA,NA,NA,NA,1,0,1,243,25.39999962,32,31.60000038,47.11185455
521,5,Hybrid shade,v35_183,1,Hybrid,19,30,0,0.371349394,19.21777915,1.5,1,1,0,0,1,0,0,0,0,0,0,0,0,1066.56,1,45,0.03125,0.03125,33.33,2,1,0,22.22,0,1,0,0,0,0,0,0,0,0,0,0,0,0,0,0,0,0,NA,NA,1,0,0,0,0,0,0.3706575,0.3706575,18.532875,-13.00640965,0.01383056,-13.02766745,0,0.014762467,0,0.003329578,0,-11.41475442,-1.331558661,0,-0.281354364,0.26172339,NA,NA,NA,NA,NA,NA,2,0,1,263,25.20000076,32,31.39999962,47.19273758
522,1,Hybrid shade,v35_184,1,Hybrid,15,30,0,0.061998645,3.117420119,3.5,1,1,0,1,0,0,0,0,0,0,0,0,0,988.79,1,25,0.033707865,0.033707865,33.33,2,0,0,11.11,22.22,0,0,0,0,0,0,0,0,0,0,0,0,0,0,0,0,0,NA,NA,1,0,0,0,0,0.3706575,0,0.3706575,37.06575,-9.321859298,0.020157036,-9.459736118,0.01247714,0.010643368,0,0,0,-8.225270276,-1.234465842,0,0,0.240712613,NA,NA,NA,NA,NA,NA,2,0,1,210,25.60000038,31,31.89999962,47.61201477
524,5,Hybrid shade,v35_186,1,Hybrid,8,30,0,0.413110139,37.0274382,3.5,1,1,1,1,1,0,0,0,0,0,0,0,0,833.25,2,35,0.066666667,0.066666667,55.55,0,1,0,0,22.22,1,0,1,0,0,0,0,0,0,0,0,0,1,0,1,0,2,1,0,1,0,0,1,1,0.247105,0,0.247105,2.96526,-13.20244117,0.306607011,-13.55020612,0.245131626,0.010504087,0,0.051915663,0,-8.122973812,-1.040280204,0,-4.386952104,0.294564336,0.026834238,0.266620935,0,0,4.88E-07,0.001108675,2,1,3,210,25.60000038,31,31.79999924,47.58649063
528,3,Hybrid shade,v35_190,1,Hybrid,25,30,0,0.123997289,8.469731697,3.5,1,1,1,1,0,0,0,1,1,0,0,0,0,977.68,1,15,0.011363636,0.011363636,11.11,1,1,0,22.22,0,1,0,0,0,0,0,0,0,0,0,0,0,1,0,0,0,1,1,0,1,0,0,1,0,0.3706575,0,0.3706575,65.89466667,-8.769555379,0.038833231,-8.934640608,0.024954281,0.004920822,0.017084652,0.014958188,0,-3.80491814,-3.865732935,0,-1.263989533,0,NA,NA,NA,NA,NA,NA,2,0,1,211,25.60000038,31,31.89999962,47.56138611
529,5,Hybrid shade,v35_191,1,Hybrid,25,30,0,0.165115561,11.27834739,1.5,0,0,0,0,0,0,0,0,0,0,0,0,0,844.36,1,45,0.026315789,0.026315789,22.22,2,0,22.22,0,0,1,1,0,0,0,0,0,0,0,0,0,0,0,0,0,0,0,NA,NA,1,0,0,0,0,0,0,0,18.532875,-5.34767387,0.003741464,-5.355004034,0,0.00702164,0,0,0,-4.300853428,-1.054150606,0,0,0.02904954,NA,NA,NA,NA,NA,NA,4,0,1,263,25.20000076,32,31.39999962,47.19273758
531,5,Hybrid shade,v35_193,1,Hybrid,15,30,0,1.321566961,66.45112108,3.5,1,1,0,0,0,0,0,1,1,0,0,0,0,1488.74,1,35,0.007462687,0.007462687,11.11,2,1,0,11.11,0,1,1,1,0,0,1,0,0,0,0,0,0,0,0,0,0,0,NA,NA,1,0,0,0,0,0,0,0.3706575,7.520586957,-9.613583331,0.095240466,-9.741346144,0,0.004994761,0.066832535,0,0,-3.854889175,-5.886456969,0,0,3.963312097,NA,NA,NA,NA,NA,NA,1,0,1,244,25.39999962,32,31.60000038,47.09164047
533,5,Hybrid shade,v35_195,1,Hybrid,15,30,0,1.696771193,85.31716615,3.5,1,1,1,1,0,0,0,1,1,0,0,0,0,1344.31,1,35,0.024793388,0.024793388,33.33,4,1,0,0,22.22,1,1,1,0,0,0,0,0,0,0,0,1,1,0,0,0,2,1,0,1,0,1,1,0,0,0.3706575,0.3706575,9.8842,-10.42291345,0.134602769,-10.59439786,0,0.006524268,0.078488717,0,0,-5.279015073,-5.315382785,0,0,6.510249321,NA,NA,NA,NA,NA,NA,2,0,1,210,25.60000038,31,31.79999924,47.58649063
534,3,Amazonia,v35_196,1,Amazonia,20,50,0,0.28911285,21.23906489,1.5,3.5,1,1,1,0,0,0,0,0,0,0,0,0,1366.53,1,45,0.032520325,0.032520325,44.44,2,0,11.11,11.11,22.22,1,0,0,0,0,0,0,0,1,0,0,0,1,0,0,1,1,1,1,1,0,0,1,0,0.3706575,0,0.3706575,23.72208,-11.814703,0.026263268,-11.96082117,0.081249998,0.015603644,0,0,0,-10.93718545,-1.02363572,0,0,0.210492029,NA,NA,NA,NA,NA,NA,2,0,1,203,25.60000038,31,32,47.52999496
536,2,Hybrid sun,v35_198,1,Hybrid,15,20,0,0.165115561,7.235592236,3.5,1,1,0,1,0,0,0,0,0,0,0,0,0,799.92,1,0,0,0,0,2,0,0,0,0,0,1,0,0,0,0,0,0,0,0,0,1,0,0,0,0,1,1,0,1,0,1,0,0,0.98842,0,0.98842,29.6526,-0.902436656,0.371564721,-1.498003493,0.352158228,0,0,0,0,0,-1.498003493,0,0,0,NA,NA,NA,NA,NA,NA,3,1,3,210,25.60000038,31,31.89999962,47.61201477
537,3,Hybrid shade,v35_199,1,Hybrid,15,30,1,0.123997289,6.234840237,3.5,1,1,1,1,0,0,0,0,0,0,0,0,0,755.48,1,35,0.058823529,0.058823529,44.44,0,0,11.11,0,22.22,1,0,0,0,0,0,0,0,0,0,0,0,1,0,0,0,1,1,0,1,0,0,1,0,0.6177625,0,0.6177625,9.8842,-8.626667931,0.204560894,-8.981810473,0.183944028,0.011223274,0,0,0,-8.038623089,-0.943187385,0,0,0,0,0,0,0,0,0,3,0,1,210,25.60000038,31,31.89999962,47.61201477
540,3,Hybrid shade,v35_202,1,Hybrid,10,30,0,0.330231122,22.0931147,3.5,2,1,0,1,1,0,0,0,0,0,0,0,0,1022.12,1,45,0.043478261,0.043478261,44.44,4,0,0,0,11.11,1,0,0,0,0,0,0,0,1,0,0,0,1,0,0,1,1,1,1,1,0,0,1,0,0.3706575,0,0.3706575,9.8842,-8.177306755,0.020941281,-8.314763814,0.06645855,0.008699024,0,0,0,-7.038686765,-1.27607705,0,0,0.215473502,NA,NA,NA,NA,NA,NA,2,0,1,190,25.70000076,30,32,47.75063324
541,1,Hybrid shade,v35_203,1,Hybrid,10,30,0,0.289755323,19.38520375,1.5,3.5,1,0,1,0,0,0,0,0,0,0,0,0,1399.86,1,45,0.007936508,0.007936508,11.11,2,1,0,0,11.11,1,0,0,0,0,0,0,0,1,0,0,0,1,0,0,1,1,1,1,1,0,0,1,0,0.3706575,0,0.3706575,11.86104,-3.377436735,0.016627718,-3.507342433,0.058312852,0.002174756,0,0,0,-1.759671691,-1.747670742,0,0,0.136714985,NA,NA,NA,NA,NA,NA,2,0,1,190,25.70000076,30,32,47.75063324
542,3,Hybrid shade,v35_204,1,Hybrid,8,30,0,0.207197543,18.57130454,3.5,3.5,0,1,1,0,0,0,0,0,0,0,0,0,1766.49,1,55,0.044025157,0.044025157,77.77,2,0,0,11.11,22.22,1,0,0,0,0,0,0,0,1,0,0,0,1,0,0,1,1,1,1,1,0,0,1,0,0,0,0,16.47366667,-17.75591952,0.011204994,-17.7772255,0,0.019899516,0,0,0,-15.57183147,-2.205394032,0,0,0.070354589,NA,NA,NA,NA,NA,NA,2,0,1,190,25.70000076,30,32,47.75063324
543,2,Hybrid shade,v35_205,1,Hybrid,15,30,0,0.577583227,29.04207965,3.5,3.5,1,1,1,0,0,0,1,1,0,0,0,0,1099.89,3,25,0.03030303,0.03030303,33.33,1,1,0,0,33.33,1,0,0,0,0,0,0,0,0,0,0,0,1,0,0,0,1,1,0,1,0,0,1,0,0,0.3706575,0.3706575,35.94254545,-9.615039178,0.036749361,-9.672001005,0,0.006302452,0.0350061,0.002306212,0,-5.128173068,-4.348949551,0,-0.194878385,0.71555367,NA,NA,NA,NA,NA,NA,3,1,3,210,25.60000038,31,31.89999962,47.61201477
544,2,Hybrid shade,v35_206,1,Hybrid,9,30,0,0.165115561,12.55592888,1.5,1,0,1,1,0,0,0,1,1,0,0,0,0,1222.1,1,25,0.018181818,0.013636364,16.665,3,1,11.11,11.11,33.33,1,1,0,0,0,0,0,0,0,0,0,1,1,0,0,0,2,1,0,1,0,1,1,0,0,0,0,0,-7.967392432,0.013142248,-7.99330791,0,0.003104265,0.021720439,0,0,-2.243379967,-4.832166168,-0.917761775,0,0,NA,NA,NA,NA,NA,NA,4,0,1,190,25.70000076,30,32,47.75063324
545,5,Hybrid shade,v35_207,1,Hybrid,13,30,0,0.909741768,48.49597998,3.5,1,1,1,1,0,0,0,1,1,0,0,0,0,1433.19,1,35,0.046511628,0.046511628,66.66,2,1,0,0,11.11,1,1,1,0,0,0,0,0,0,0,0,1,1,0,0,0,2,1,0,1,0,1,1,0,0.3706575,0,0.3706575,7.41315,-14.79546912,1.125027072,-15.92315919,1.09359288,0.012604904,0.051276102,0,0,-10.25634614,-5.666813052,0,0,1.876862679,NA,NA,NA,NA,NA,NA,3,0,1,203,25.60000038,31,32,47.52999496
550,2,Hybrid shade,v35_212,1,Hybrid,16,30,1,0.085448909,4.2592848,1.5,1,0,1,1,0,0,0,0,0,0,0,0,0,633.27,1,5,0.087719298,0.043859649,27.775,0,0,0,0,22.22,1,1,0,0,0,0,0,0,0,0,0,1,1,0,0,0,2,1,0,1,0,1,1,0,0,0,0,296.526,-5.283741001,0.002497958,-5.288957954,0,0.005252043,0,0,0,-4.273477557,-0.790612955,-0.224867443,0,0,0,0,0,0,0,0,5,0,1,183,25.70000076,30,32.09999847,47.78469086
552,3,Hybrid shade,v35_214,1,Hybrid,14,30,0,0.165115561,8.484780316,1.5,2,0,1,1,1,0,0,1,1,0,0,0,0,1066.56,1,15,0.020833333,0.020833333,22.22,2,0,0,0,11.11,1,0,0,0,0,0,0,0,1,0,0,0,1,0,0,1,1,1,1,1,0,0,1,0,0,0,0,14.8263,-7.711386519,0.012729268,-7.736506584,0,0.004349512,0.019713257,0,0,-3.519343382,-4.217163201,0,0,0,NA,NA,NA,NA,NA,NA,2,1,3,187,25.70000076,30,32.09999847,47.86991501
553,3,Hybrid shade,v35_215,1,Hybrid,14,30,0,0.165436798,8.501287671,3.5,2,0,1,1,1,0,0,1,1,0,0,0,0,1877.59,1,15,0.01183432,0.01183432,22.22,1,0,0,0,22.22,1,0,0,0,0,0,0,0,1,0,0,0,1,0,0,1,1,1,1,1,0,0,1,0,0,0,0,22.23945,-10.80683575,0.018277492,-10.84274643,0,0.004201635,0.030190852,0,0,-3.418782045,-7.423964386,0,0,0,NA,NA,NA,NA,NA,NA,3,1,3,183,25.70000076,30,32.09999847,47.78469086
555,2,Hybrid shade,v35_217,1,Hybrid,13,30,0,0.619986445,33.04987336,3.5,1,1,1,1,0,0,0,1,0,0,0,0,0,1210.99,1,25,0.018348624,0.018348624,22.22,4,1,11.11,11.11,0,1,1,0,0,0,0,0,0,0,0,0,1,1,0,0,0,2,1,0,1,0,1,1,0,0.3706575,0,0.3706575,16.47366667,-10.55273393,0.036107053,-10.71236542,0.124771403,0.008505581,0.015627345,0,0,-5.924128039,-4.788237385,0,0,0.847193206,NA,NA,NA,NA,NA,NA,3,0,1,183,25.70000076,30,32.09999847,47.78469086
556,3,Amazonia,v35_218,1,Amazonia,9,50,0,0.227114206,62.01720372,3.5,2,0,1,1,0,0,0,1,1,0,0,0,0,1177.66,1,25,0.037735849,0.037735849,44.44,2,2,11.11,0,0,1,1,0,0,0,0,0,0,0,0,0,1,1,0,0,0,2,1,0,1,0,1,1,0,0,0,0,11.119725,-16.56689414,0.030187592,-16.62081833,0,0.02389839,0.023380998,0,0,-12.55247237,-4.06834596,0,0,0.07775736,NA,NA,NA,NA,NA,NA,3,1,3,187,25.70000076,30,32.09999847,47.86991501
557,3,Hybrid sun,v35_219,1,Hybrid,10,20,0,0.330231122,13.41121547,3.5,3.5,1,1,1,1,0,0,1,1,0,0,0,0,1077.67,1,0,0,0,0,2,1,0,0,0,1,1,0,0,0,0,0,0,0,0,0,1,1,0,0,0,2,1,0,1,0,1,1,0,0.3706575,0,0.3706575,7.41315,-4.820486502,0.033507867,-4.982321293,0.05971827,0,0.02580635,0.004676508,0,0,-4.933806516,0,-0.048514777,0.115917132,NA,NA,NA,NA,NA,NA,3,0,1,183,25.70000076,30,32.09999847,47.78469086
558,2,Hybrid shade,v35_220,1,Hybrid,18,30,1,0.248637051,12.58844371,3.5,2,1,1,1,0,0,1,0,0,0,0,0,0,1133.22,1,45,0.029411765,0.029411765,33.33,0,0,0,0,22.22,1,1,0,0,0,0,0,0,0,0,0,1,1,0,0,0,2,1,0,1,0,1,1,0,0.0049421,0,0.0049421,79.0736,-9.33025857,0.013447455,-9.354520189,0.000983576,0.006302452,0.014623754,0,0,-4.873784287,-4.480735901,0,0,0.031795825,0.029757904,0,0,0,1.49E-06,0.002036427,1,0,1,183,25.70000076,30,32.09999847,47.78469086
561,3,Amazonia,v35_223,1,Amazonia,20,50,1,0.249279524,18.31279373,3.5,1,0,1,0,0,0,0,0,0,0,0,0,0,944.35,1,15,0.023529412,0.023529412,22.22,0,0,0,0,22.22,1,0,0,0,0,0,0,0,1,0,0,0,1,0,0,1,1,1,1,1,0,0,1,0,0,0,0,7.803315789,-4.659834841,0.004651939,-4.667959476,0,0.007002724,0,0,0,-3.960568938,-0.707390538,0,0,0.104435177,0.101144166,0,0,0,3.62E-06,0.003287391,1,0,1,183,25.70000076,30,32.09999847,47.78469086
562,3,Hybrid shade,v35_224,1,Hybrid,14,30,0,0.416322504,21.39353169,1.5,1,1,1,1,1,0,0,1,1,0,0,0,0,1399.86,1,25,0.03968254,0.03968254,55.55,2,0,0,11.11,22.22,1,0,0,0,0,0,0,0,1,0,0,0,1,0,0,1,1,1,1,1,0,0,1,0,0.247105,0,0.247105,9.8842,-18.90839378,0.27525431,-19.2438105,0.247037782,0.017738946,0.033066274,0,0,-13.70878379,-5.535026702,0,0,0.373881794,NA,NA,NA,NA,NA,NA,3,0,1,187,25.70000076,30,32.09999847,47.86991501
563,2,Hybrid shade,v35_225,1,Hybrid,20,30,0,0.206233833,10.99808877,4.5,1,0,1,1,1,0,0,1,1,0,0,0,0,999.9,3,25,0.022222222,0.022222222,22.22,1,1,0,11.11,22.22,1,1,0,0,0,0,0,0,0,0,0,1,1,0,0,0,2,1,0,1,0,1,1,0,0,0,0,7.90736,-11.09132586,0.03471389,-11.14283352,0,0.00702164,0.020334679,0.020778721,0,-5.433409623,-3.953590501,0,-1.755833394,0.060764586,NA,NA,NA,NA,NA,NA,3,1,3,183,25.70000076,30,32.09999847,47.78469086
564,2,Hybrid shade,v35_226,1,Hybrid,10,30,0,0.330231122,22.0931147,3.5,3.5,0,1,1,1,0,0,1,1,0,0,0,0,1111,3,5,0.01,0.01,11.11,1,1,0,0,11.11,1,1,0,0,0,0,0,0,0,0,0,1,1,0,0,0,2,1,0,1,0,1,1,0,0,0,0,16.47366667,-4.453721698,0.016823282,-4.483877864,0,0,0.02623646,1.25E-05,0,-0.089946977,-4.392878335,0,-0.001052553,0.147405964,NA,NA,NA,NA,NA,NA,3,1,3,183,25.70000076,30,32.09999847,47.78469086
565,2,Hybrid shade,v35_227,1,Hybrid,7,30,0,0.165115561,18.26590785,3.5,3.5,0,1,1,0,0,0,1,1,0,0,0,0,1055.45,3,35,0.052631579,0.052631579,55.55,1,1,0,0,66.66,1,1,0,0,0,0,0,0,0,0,0,1,0,0,0,0,1,1,0,1,0,1,0,0,0,0,0,37.06575,-12.86238156,0.0177781,-12.8959483,0,0.010504087,0.019569887,0.002079948,0,-8.546955113,-4.173234418,0,-0.175758765,0,NA,NA,NA,NA,NA,NA,3,0,1,183,25.70000076,30,32.09999847,47.78469086
568,2,Hybrid shade,v35_230,1,Hybrid,13,30,0,0.37263434,19.86417259,1.5,1,1,1,1,1,0,0,1,1,0,0,0,0,1177.66,1,25,0.009433962,0.009433962,11.11,2,1,0,0,11.11,1,1,0,0,0,1,0,0,0,1,0,1,1,0,0,1,2,0.666666667,0.333333333,1,1,1,1,0,0.3706575,0,0.3706575,13.17893333,-6.252445758,0.035939208,-6.416122726,0.074992138,0.002174756,0.028624626,0,0,-1.759671691,-4.656451035,0,0,0.161205973,NA,NA,NA,NA,NA,NA,5,1,3,187,25.70000076,30,32.09999847,47.86991501
573,2,Hybrid shade,v35_235,1,Hybrid,10,30,1,0.082236544,5.501787318,3.5,1,0,0,1,0,0,0,0,0,0,0,0,0,1577.62,1,5,0.007042254,0.007042254,11.11,0,0,0,0,11.11,1,1,0,0,0,0,0,0,0,0,0,1,1,0,0,0,2,1,0,1,0,1,1,0,0,0,0,29.6526,-3.592109455,0.000994335,-3.594191948,0,0.002100817,0,0,0,-1.624594762,-1.969597185,0,0,0,0,0,0,0,0,0,5,1,3,183,25.70000076,30,32.09999847,47.78469086
574,2,Hybrid shade,v35_236,1,Hybrid,8,30,0,0.185995934,16.67098501,3.5,1,1,1,1,1,0,0,1,1,0,0,0,0,1022.12,1,25,0.065217391,0.065217391,66.66,2,0,22.22,0,11.11,1,1,0,0,0,0,0,0,0,0,0,1,1,0,0,0,2,1,0,1,0,1,1,0,0.247105,0,0.247105,19.7684,-16.40938469,0.057948553,-16.50394649,0.036788806,0.017056728,0.019892173,0,0,-12.46249842,-4.041448068,0,0,0,NA,NA,NA,NA,NA,NA,3,0,1,183,25.70000076,30,32.09999847,47.78469086
577,2,Hybrid shade,v35_239,1,Hybrid,16,30,1,0.186638407,9.303174694,3.5,1,1,1,1,0,0,0,1,0,0,0,0,0,1088.78,1,25,0.010204082,0.010204082,11.11,0,0,0,0,11.11,1,1,0,0,0,0,0,0,0,0,0,1,1,0,0,0,2,1,0,1,0,1,1,0,0.3706575,0,0.3706575,0,-5.785070746,0.024180282,-5.92961553,0.037560718,0.002100817,0.014050274,0,0,-1.624594762,-4.305020768,0,0,0.081264875,0.078096324,0,0,0,6.96E-06,0.003161589,3,0,1,183,25.70000076,30,32.09999847,47.78469086
578,2,Hybrid shade,v35_240,1,Hybrid,9,30,1,0.144877662,11.01697262,3.5,1,0,1,1,0,0,0,1,0,0,0,0,0,1055.45,1,25,0.021052632,0.021052632,22.22,0,0,0,0,22.22,1,1,0,0,0,0,0,0,0,0,0,1,1,0,0,0,2,1,0,1,0,1,1,0,0,0,0,4.3243375,-7.404048245,0.0092833,-7.422423943,0,0.004201635,0.013620163,0,0,-3.249189525,-4.173234418,0,0,0,0,0,0,0,0,0,2,0,1,183,25.70000076,30,32.09999847,47.78469086
579,5,Hybrid shade,v35_241,1,Hybrid,20,30,1,0.165758034,8.839585367,3.5,1,0,1,1,0,0,0,0,0,0,0,0,0,966.57,1,35,0.034482759,0.034482759,33.33,0,0,11.11,11.11,33.33,1,1,1,0,0,1,0,0,0,0,0,1,1,0,0,0,2,1,0,2,0,1,1,0,0,0,0,3.95368,-4.483623004,0.002519667,-4.488557116,0,0.004724589,0,0,0,-3.28183208,-1.206725036,0,0,0.030440081,0.028950908,0,0,0,3.27E-06,0.001485901,3,0,1,183,25.70000076,30,32.09999847,47.78469086
580,2,Hybrid shade,v35_242,1,Hybrid,15,30,1,0.618701499,31.10959144,3.5,1,1,1,1,0,0,0,0,0,0,0,0,0,1088.78,3,35,0.102040816,0.102040816,111.1,0,0,0,0,11.11,0,1,0,0,0,0,0,0,0,0,0,1,0,0,0,0,1,1,0,1,0,1,0,0,0.0049421,0,0.0049421,39.5368,-17.57480132,0.020373404,-17.60524709,0.002447504,0.021008173,0,0,0,-16.24594762,-1.359299466,0,0,0.770777728,0.743385688,0,0,0,6.03E-06,0.027386009,3,1,3,187,25.70000076,30,32.09999847,47.86991501
581,5,Amazonia,v35_243,1,Amazonia,30,50,1,0.288470377,22.64035955,3.5,1,0,1,1,0,0,0,1,1,0,0,0,0,733.26,3,5,0.045454545,0.045454545,33.33,0,0,0,11.11,0,0,1,0,0,0,0,0,0,0,0,0,1,0,0,0,0,1,1,0,1,0,1,0,0,0,0,0,0,-16.14875437,0.03100332,-16.20188481,0,0.024604112,0.019857082,0,0,-13.66876374,-2.533121069,0,0,0.285841345,0.26337499,0,0,0,7.04E-06,0.022459316,3,0,1,183,25.70000076,30,32.09999847,47.78469086
582,3,Hybrid shade,v35_244,1,Hybrid,6,30,0,0.165115561,23.94532128,3.5,1,0,1,1,1,0,0,1,1,0,0,0,0,1066.56,1,45,0.03125,0.03125,33.33,0,1,11.11,11.11,11.11,1,0,0,0,0,0,0,0,1,0,0,0,1,0,0,1,1,1,1,1,0,0,1,0,0,0,0,19.7684,-11.6887281,0.01995511,-11.73005866,0,0.01053246,0.019713257,0.009345247,0,-7.415946497,-4.217163201,0,-0.096948957,0.003794021,0.001272554,0.002191029,0,0,4.35E-07,0.000330004,1,0,1,183,25.70000076,30,32.09999847,47.78469086
583,3,Hybrid shade,v35_245,1,Hybrid,8,30,0,0.247994578,22.22798001,3.5,1,0,1,1,1,0,0,1,1,0,0,0,0,1144.33,1,45,0.029126214,0.029126214,33.33,2,0,11.11,11.11,0,1,0,0,0,0,0,0,0,1,0,0,0,1,0,0,1,1,1,1,1,0,0,1,0,0,0,0,2.96526,-13.86123459,0.021422067,-13.90121846,0,0.012758372,0.023703285,0,0,-9.376553773,-4.524664685,0,0,0.138218651,NA,NA,NA,NA,NA,NA,3,0,1,187,25.70000076,30,32.09999847,47.86991501
584,2,Hybrid shade,v35_246,1,Hybrid,15,30,0,0.825577805,41.51176013,3.5,1,1,1,1,0,0,0,1,1,0,0,0,0,988.79,3,35,0.02247191,0.02247191,22.22,1,1,0,0,22.22,1,1,0,0,0,0,0,0,0,0,0,1,1,0,0,0,2,1,0,1,0,1,1,0,0,0.3706575,0.3706575,0,-12.30810868,0.15319152,-12.46962387,0,0.003853687,0.042508558,0.063992648,0,-3.152486485,-3.909661718,0,-5.407475664,1.64007008,NA,NA,NA,NA,NA,NA,2,0,1,183,25.70000076,30,32.09999847,47.78469086
587,3,Hybrid shade,v35_249,1,Hybrid,21,30,1,0.700938043,38.80185025,3.5,1,1,1,1,0,0,0,0,0,0,0,0,0,1433.19,1,15,0.023255814,0.023255814,33.33,0,0,0,11.11,11.11,1,0,0,0,0,0,0,0,1,0,0,0,1,0,0,1,1,1,1,1,0,0,1,0,1.48263,0,1.48263,12.35525,-9.576730072,0.036230211,-9.812986274,0.245326606,0.01053246,0,0,0,-8.023704323,-1.78928195,0,0,1.058986135,1.043950548,0,0,0,1.32E-05,0.015022391,1,0,1,187,25.70000076,30,32.09999847,47.86991501
588,2,Hybrid shade,v35_250,1,Hybrid,20,30,0,0.185032224,9.867444131,3.5,2,1,1,1,0,0,0,0,0,0,0,0,0,922.13,1,5,0.072289157,0.072289157,66.66,0,1,0,11.11,0,1,1,0,0,0,0,0,0,0,0,0,1,1,0,0,0,2,1,0,1,0,1,1,0,0.32947251,0,0.32947251,9.8842,-22.85445627,0.030700833,-23.0096416,0.033099896,0,0,0.039641553,0,-21.44715093,-1.151243425,0,-0.411247242,0.045387531,0.006659119,0.038728412,0,0,0,0,2,0,1,183,25.70000076,30,32.09999847,47.78469086
589,2,Hybrid shade,v35_251,1,Hybrid,20,30,1,0.621913864,33.16557611,1.5,1,1,1,1,1,0,0,0,0,0,0,0,0,933.24,1,5,0.05952381,0.05952381,55.55,0,0,0,11.11,0,1,1,0,0,0,0,0,0,0,0,0,1,1,0,0,0,2,1,0,1,0,1,1,0,0,0.0741315,0.0741315,9.8842,-19.73728984,0.021184257,-19.77011638,0,0.024604112,0,0,0,-18.60500255,-1.165113828,0,0,0.806970121,0.773917046,0,0,0,6.21E-06,0.033046862,3,1,3,187,25.70000076,30,32.09999847,47.86991501
590,2,Hybrid shade,v35_252,1,Hybrid,6,30,0,0.165436798,23.99190751,3.5,2,0,1,1,1,0,0,1,0,0,0,0,0,1055.45,1,15,0.021052632,0.021052632,22.22,2,0,11.11,0,11.11,1,1,0,0,0,0,0,0,0,0,0,1,1,0,0,0,2,1,0,1,0,1,1,0,0,0,0,29.6526,-8.257089831,0.010299473,-8.277170585,0,0.005611637,0.013620163,0,0,-4.103936167,-4.173234418,0,0,0.032765031,NA,NA,NA,NA,NA,NA,3,0,1,183,25.70000076,30,32.09999847,47.78469086
591,2,Hybrid shade,v35_253,1,Hybrid,5,30,0,0.165758034,34.21844011,3.5,2,0,1,1,1,0,0,0,0,0,0,0,0,999.9,1,25,0.044444444,0.044444444,44.44,2,0,22.22,22.22,11.11,1,1,1,0,0,0,0,0,0,0,0,1,1,0,0,0,2,1,0,1,0,1,1,0,0,0,0,16.47366667,-7.324355679,0.004748309,-7.333654006,0,0.008903482,0,0,0,-6.085317762,-1.248336244,0,0,0,NA,NA,NA,NA,NA,NA,2,0,1,183,25.70000076,30,32.09999847,47.78469086
592,2,Hybrid sun,v35_254,1,Hybrid,5,20,1,0.123997289,18.27513929,1.5,2,0,1,1,0,0,0,1,0,0,0,0,0,1044.34,1,0,0,0,0,0,0,0,0,0,1,1,1,0,0,0,0,0,0,0,0,1,1,0,0,0,2,1,0,1,0,1,1,0,0,0,0,11.86104,-4.767605404,0.006704737,-4.781214562,0,0,0.013476793,0,0,0,-4.781214562,0,0,0,0,0,0,0,0,0,2,0,1,183,25.70000076,30,32.09999847,47.78469086
593,1,Amazonia,v35_255,1,Amazonia,20,50,0,0.30935075,22.72579943,1.5,1,1,1,1,1,0,0,1,1,0,0,0,0,1244.32,1,15,0.035714286,0.035714286,44.44,2,1,0,11.11,0,1,1,0,0,0,1,0,0,0,1,0,1,1,0,0,1,2,0.666666667,0.333333333,1,1,1,1,0,0.0049421,0,0.0049421,0,-23.03230082,0.045209789,-23.10759916,0.001708899,0.033298407,0.027204505,0,0,-18.80896947,-4.298629693,0,0,0.244505958,NA,NA,NA,NA,NA,NA,3,0,1,183,25.70000076,30,32.09999847,47.78469086
594,4,Hybrid sun,v35_256,1,Hybrid,20,20,0,0.155478466,12.85615161,1.5,1,0,1,1,0,0,0,1,1,0,0,0,0,866.58,1,0,0,0,0,3,0,0,0,0,1,0,0,0,0,0,0,0,0,0,0,0,0,0,0,0,0,0,0,1,0,0,1,0,0,0,0,19.7684,-3.950138905,0.008547563,-3.967390807,0,0,0.016785334,0,0,0,-3.967390807,0,0,0.017614352,NA,NA,NA,NA,NA,NA,1,1,3,187,25.70000076,30,32.09999847,47.86991501
600,3,Hybrid shade,v35_262,1,Hybrid,10,30,0,0.10279568,6.877234148,1.5,1,0,1,1,0,0,0,1,1,0,0,0,0,988.79,1,45,0.011235955,0.011235955,11.11,0,1,0,0,11.11,1,0,0,0,0,0,0,0,1,0,0,0,1,0,0,1,1,1,1,1,0,0,1,0,0,0,0,29.6526,-5.635819259,0.013965173,-5.667349728,0,0.002100817,0.01646405,0.012829321,0,-1.624594762,-3.909661718,0,-0.133093248,0,0,0,0,0,0,0,3,0,1,183,25.70000076,30,32.09999847,47.78469086
601,3,Hybrid shade,v35_263,1,Hybrid,10,30,0,0.10279568,6.877234148,3.5,1,0,1,1,1,0,0,1,1,0,0,0,0,1011.01,1,55,0.043956044,0.043956044,44.44,2,1,0,11.11,22.22,1,0,0,0,0,0,0,0,1,0,0,0,1,0,0,1,1,1,1,1,0,0,1,0,0,0,0,6.589466667,-15.08102812,0.021131809,-15.127921,0,0.014191157,0.016750791,0.015748254,0,-10.96702703,-3.997519285,0,-0.163374685,0,NA,NA,NA,NA,NA,NA,2,0,1,183,25.70000076,30,32.09999847,47.78469086
674,1,Hybrid shade,v25_3,2,Hybrid,11,30,0,0.371349394,22.5093245,3.5,2,1,0,1,0,0,0,0,0,0,0,0,0,1422.08,1,15,0.015625,0.015625,22.22,2,0,0,11.11,0,1,0,0,0,0,0,0,0,1,0,0,0,1,0,0,1,1,1,1,1,0,0,1,0,0.3706575,0,0.3706575,0,-6.620750217,0.328062958,-7.01067055,0.330527403,0.00857952,0,0,0,-5.235259002,-1.775411547,0,0,0.203166959,NA,NA,NA,NA,NA,NA,2,0,1,173,25.89999962,27,32.29999924,48.5370903
676,3,Hybrid shade,v25_5,2,Hybrid,18,30,0,0.413752612,20.94821124,3.5,1,0,1,1,0,0,0,0,0,0,0,0,0,1499.85,1,15,0.022222222,0.022222222,33.33,0,1,0,22.22,0,1,0,0,0,0,0,0,0,1,0,0,0,1,0,0,1,1,1,1,1,0,0,1,0,0,0,0,0,-13.01776254,0.010502976,-13.0355059,0,0.014762467,0,0,0,-11.16300153,-1.872504366,0,0,0.340967962,0.322305464,0,0,0,5.85E-06,0.018656652,1,0,1,185,25.79999924,28,32.20000076,48.32401657
680,4,Hybrid shade,v25_10,2,Hybrid,13,30,1,1.032454111,55.0374575,3.5,1,1,1,1,0,1,0,0,0,0,0,0,0,1111,3,45,0.03,0.03,33.33,0,0,0,11.11,0,1,0,0,0,0,0,0,0,0,0,0,0,1,0,0,0,1,1,0,1,0,0,1,0,0.741315,0,0.741315,57.82257,-10.2256962,2.4131125,-12.5500418,2.482208699,0.014762467,0,0,0,-11.16300153,-1.387040271,0,0,2.310338186,2.289052005,0,0,0,6.67E-06,0.021279513,2,1,3,169,25.89999962,27,32.29999924,48.48210526
681,2,Hybrid shade,v25_13,2,Hybrid,15,30,0,0.536464955,26.97456787,3.5,2,1,1,1,0,0,0,1,0,0,0,0,0,1166.55,1,75,0.019047619,0.019047619,22.22,4,1,11.11,0,22.22,1,1,0,0,0,0,0,0,0,0,0,1,1,0,0,0,2,1,0,2,0,1,1,0,0.0395368,0,0.0395368,74.1315,-8.264872971,0.018291516,-8.30479068,0.011516034,0.005511602,0.015053865,0,0,-3.692268428,-4.612522251,0,0,0.776372556,NA,NA,NA,NA,NA,NA,2,0,1,173,25.89999962,27,32.29999924,48.5370903
686,2,Hybrid sun,v25_18,2,Hybrid,10,20,0,0.619986445,25.17864383,3.5,2,0,0,1,0,0,0,0,0,0,0,0,0,1055.45,1,0,0,0,0,1,0,0,0,0,0,1,0,0,0,0,0,0,0,0,0,1,0,0,0,0,1,1,0,1,0,1,0,0,0,0,0,7.41315,-1.976532387,0,-1.976532387,0,0,0,0,0,0,-1.976532387,0,0,0.749725357,NA,NA,NA,NA,NA,NA,1,1,3,162,25.89999962,27,32.40000153,48.65922165
689,1,Hybrid shade,v25_21,2,Hybrid,9,30,0,0.414395085,31.5119616,3.5,1,0,0,1,0,0,0,0,0,0,0,0,0,888.8,1,25,0.0375,0.0375,33.33,3,1,11.11,11.11,22.22,1,1,0,0,0,0,0,0,0,0,0,1,1,0,0,0,2,1,0,1,0,1,1,0,0,0,0,2.47105,-9.532937648,0.013900007,-9.54976177,0,0.005685576,0,0.008307336,0,-7.738147046,-1.109632217,0,-0.701982507,0.094430111,NA,NA,NA,NA,NA,NA,2,0,1,176,25.79999924,27,32.29999924,48.87104034
690,1,Hybrid shade,v25_22,2,Hybrid,15,30,0,0.495346683,24.90705608,1.5,2,1,0,1,0,0,0,0,0,0,0,0,0,2010.91,1,25,0.011049724,0.011049724,22.22,1,0,0,11.11,0,1,0,0,0,0,0,0,0,1,0,0,0,1,0,0,1,1,1,1,1,0,0,1,0,0.049421,0,0.049421,0,-9.877955568,0.064101562,-9.952543913,0.058785843,0.009841645,0,0,0,-7.442001022,-2.510542891,0,0,0.535660634,0.521610256,0,0,0,6.60E-06,0.014043776,2,0,1,173,25.89999962,27,32.29999924,48.5370903
691,4,Hybrid sun,v25_23,2,Hybrid,15,20,0,0.906529403,39.72537216,1.5,2,1,0,1,0,0,0,0,0,0,0,0,0,2088.68,1,0,0,0,0,0,1,0,0,0,1,0,0,0,0,0,0,0,1,0,0,0,1,0,0,1,1,1,1,1,0,0,1,0,0.05189205,0,0.05189205,0,-3.814722827,0.096005792,-3.911453565,0.101505841,0,0,0,0,0,-3.911453565,0,0,1.598458863,NA,NA,NA,NA,NA,NA,2,0,1,162,25.89999962,27,32.40000153,48.65922165
693,1,Hybrid shade,v25_25,2,Hybrid,32,30,0,0.495346683,57.95565494,3.5,1,1,0,1,1,1,0,0,0,0,0,0,0,1333.2,2,45,0.025,0.025,33.33,2,1,11.11,11.11,11.11,0,0,0,0,0,0,0,0,0,0,0,0,0,0,0,0,0,NA,NA,1,0,0,0,0,3.95368,0,3.95368,42.36085714,-2.843171182,6.260805902,-9.542547485,6.351488593,0.010606398,0,0,0,-7.878099159,-1.664448326,0,0,0.500192063,NA,NA,NA,NA,NA,NA,2,0,1,173,25.89999962,27,32.29999924,48.5370903
697,4,Hybrid shade,v25_29,2,Hybrid,11,30,1,0.618701499,37.50255967,3.5,1,1,1,1,0,1,0,0,0,0,0,0,0,977.68,1,45,0.022727273,0.022727273,22.22,0,0,0,11.11,11.11,1,0,0,0,0,0,0,0,0,0,0,0,1,0,0,0,1,1,0,1,0,0,1,0,0.741315,0,0.741315,9.8842,-5.066242235,1.45943531,-6.569731654,1.487471672,0.00702164,0,0,0,-5.349136216,-1.220595439,0,0,0.802958341,0.793179038,0,0,0,1.29E-05,0.009766434,2,1,3,163,25.89999962,27,32.40000153,48.46144867
698,1,Hybrid shade,v25_30,2,Hybrid,15,30,1,0.576298281,28.97746991,1.5,2,0,0,1,0,0,0,0,0,0,0,0,0,1210.99,1,25,0.04587156,0.04587156,55.55,0,0,0,11.11,0,0,0,0,0,0,0,0,0,0,0,0,0,0,0,0,0,0,NA,NA,1,0,0,0,0,0,0,0,4.118416667,-20.08476303,0.020377991,-20.11687645,0,0.024604112,0,0,0,-18.60500255,-1.511873896,0,0,0.732737036,0.698019351,0,0,0,6.53E-06,0.034711158,2,0,1,173,25.89999962,27,32.29999924,48.49309158
699,1,Hybrid shade,v25_31,2,Hybrid,12,30,0,0.123997289,6.97703959,1.5,1,0,0,1,0,0,0,0,0,0,0,0,0,1244.32,1,55,0.017857143,0.017857143,22.22,2,0,0,0,11.11,1,0,0,0,0,0,0,0,1,0,0,0,1,0,0,1,1,1,1,1,0,0,1,0,0,0,0,0,-4.967990673,0.00211472,-4.972267149,0,0.004201635,0,0,0,-3.418782045,-1.553485104,0,0,0,NA,NA,NA,NA,NA,NA,2,0,1,173,25.89999962,27,32.29999924,48.5370903
701,2,Hybrid shade,v25_33,2,Hybrid,22,30,0,1.572773904,90.97821337,3.5,2,1,1,1,0,0,0,0,0,0,0,0,0,1466.52,1,75,0.015151515,0.015151515,22.22,3,2,0,0,22.22,1,1,0,0,0,0,0,0,0,0,0,1,1,0,0,0,2,1,0,2,0,1,1,0,0.0296526,0,NA,0,-4.942081355,0.15179784,-5.084006687,0.151249456,0.004001564,0,0,0,-3.253113529,-1.830893158,0,0,5.645616512,NA,NA,NA,NA,NA,NA,2,0,1,173,25.89999962,27,32.29999924,48.5370903
702,3,Hybrid shade,v25_34,2,Hybrid,23,30,0,0.206233833,12.54168116,3.5,2,1,1,1,0,0,0,0,0,0,0,0,0,1433.19,1,75,0.015503876,0.015503876,22.22,2,1,0,11.11,0,1,0,0,0,0,0,0,0,0,0,0,0,1,0,0,0,1,1,0,2,0,0,1,0,0.0197684,0,0.0197684,0,-9.091317971,0.009962451,-9.105395338,0.009790016,0,0,0,0,-7.316113388,-1.78928195,0,0,NA,NA,NA,NA,NA,NA,NA,2,0,1,181,25.79999924,27,32.20000076,48.61587524
703,1,Hybrid shade,v25_35,2,Hybrid,30,30,0,0.619986445,61.11935011,1.5,1,0,0,1,0,0,0,0,0,0,0,0,1,944.35,1,45,0.011764706,0.011764706,11.11,3,1,0,22.22,0,0,1,0,0,0,0,0,0,0,0,0,1,0,0,0,0,1,1,0,1,0,1,0,0,0,0,0,0,-10.16653977,0.081095521,-10.25070161,0,0.004215821,0.012186462,0.046736552,0,-2.567445584,-3.733946585,0,-3.949309447,0.846708581,NA,NA,NA,NA,NA,NA,2,0,1,181,25.79999924,27,32.20000076,48.61587524
705,1,Hybrid shade,v25_37,2,Hybrid,19,30,0,0.09637095,4.987312928,4.5,1,0,0,1,0,0,0,0,0,0,0,0,0,766.59,1,5,0.101449275,0.076086957,58.3275,1,1,0,22.22,77.77,1,1,0,0,0,0,0,0,0,0,0,1,1,0,0,0,2,1,0,1,0,1,1,0,0,0,0,0,-12.411646,0.041686193,-12.50069266,0,0.014755374,0,0.074268254,0,-10.10837179,-0.957057787,-0.15740721,-1.277855871,0,NA,NA,NA,NA,NA,NA,4,0,1,181,25.79999924,27,32.20000076,48.61587524
706,3,Hybrid shade,v25_39,2,Hybrid,25,30,0,0.495989156,33.87892679,3.5,2,1,1,1,0,0,0,0,0,0,0,0,0,1244.32,1,25,0.035714286,0.035714286,44.44,1,2,0,44.44,22.22,1,0,0,0,0,1,0,0,1,1,0,0,1,1,0,2,2,1,1,1,1,0,1,0,0,0.0148263,0.0148263,6.589466667,-7.098798622,0.006504225,-7.109385253,0,0.0084411,0,0,0,-5.555900149,-1.553485104,0,0,0.488878998,NA,NA,NA,NA,NA,NA,1,0,1,173,25.89999962,27,32.29999924,48.49309158
707,4,Hybrid sun,v25_40,2,Hybrid,18,20,0,0.825577805,50.56877744,3.5,2,1,1,1,0,0,0,0,0,0,0,0,0,1399.86,3,0,0,0,0,0,2,0,0,0,1,0,0,0,0,0,0,0,1,0,0,0,1,0,0,1,1,1,1,1,0,0,1,0,0,0.06177625,0.06177625,5.391381818,-2.621506113,0,-2.621506113,0,0,0,0,0,0,-2.621506113,0,0,1.33350377,1.33350377,0,0,0,0,0,1,0,1,162,25.89999962,27,32.40000153,48.65922165
708,1,Hybrid shade,v25_41,2,Hybrid,16,30,0,0.10375939,5.171988685,3.5,3.5,0,0,0,0,0,0,0,0,0,0,0,0,1177.66,3,45,0.028301887,0.028301887,33.33,1,0,0,11.11,0,1,1,0,0,0,0,0,0,0,0,0,0,0,0,0,0,0,NA,NA,1,0,0,0,0,0,0,0,19.7684,-9.159889329,0.006181705,-9.172599439,0,0.012647464,0,0,0,-7.702336751,-1.470262688,0,0,0,NA,NA,NA,NA,NA,NA,1,0,1,173,25.89999962,27,32.29999924,48.49309158
712,4,Hybrid shade,v25_45,2,Hybrid,13,30,1,1.448776615,77.23053308,3.5,1,0,1,1,0,1,0,0,0,0,1,1,0,1599.84,2,35,0.027777778,0.027777778,44.44,0,0,0,88.88,44.44,1,0,0,0,0,0,0,0,0,0,0,0,1,0,0,0,1,1,0,1,0,0,1,0,0,0,0,304.9981714,-9.291214639,6.966313596,-11.76810445,0,0.0084411,0.0206453,0,6.02029424,-5.442359647,-6.325744802,0,0,4.720134042,4.707419357,0,0,0,6.96E-06,0.012707721,2,0,1,185,25.79999924,28,32.20000076,48.4214592
713,1,Hybrid shade,v25_48,2,Hybrid,30,30,0,0.700938043,69.09970048,1.5,1,0,0,1,0,0,0,0,0,0,0,0,0,1166.55,1,55,0.038095238,0.019047619,22.22,4,1,0,0,66.66,0,1,1,0,0,0,0,0,0,0,0,1,0,0,0,0,1,1,0,1,0,1,0,0,0,0,0,9.8842,-14.11307815,0.003991871,-14.11909962,0,0.004349512,0,0,0,-3.519343382,-1.456392285,-9.143363953,0,1.059045222,NA,NA,NA,NA,NA,NA,2,1,3,184,25.79999924,27,32.20000076,48.78200531
714,3,Hybrid shade,v25_49,2,Hybrid,12,30,0,0.165758034,9.326819763,1.5,2,1,1,1,0,0,0,0,0,0,0,0,0,1199.88,1,35,0.027777778,0.027777778,33.33,2,0,0,0,33.33,1,0,0,0,0,0,0,0,1,0,0,0,1,0,0,1,1,1,1,1,0,0,1,0,0,0.3706575,0.3706575,0,-6.770204965,0.003479452,-6.777018567,0,0.006524268,0,0,0,-5.279015073,-1.498003493,0,0,0,NA,NA,NA,NA,NA,NA,2,0,1,184,25.79999924,27,32.20000076,48.78200531
715,1,Hybrid shade,v25_50,2,Hybrid,15,30,0,0.08352149,4.19963332,3.5,2,1,0,1,0,0,0,0,0,0,0,0,0,2022.02,1,25,0.010989011,0.010989011,22.22,2,0,0,11.11,11.11,1,0,0,0,0,0,0,0,0,0,0,0,0,0,0,0,0,NA,NA,1,0,0,0,0,0.3706575,0,0.3706575,14.8263,-7.775520221,0.120424237,-8.007926811,0.100400476,0.007095578,0,0,0,-5.483513517,-2.524413294,0,0,0,NA,NA,NA,NA,NA,NA,3,0,1,185,25.79999924,28,32.20000076,48.32401657
717,1,Hybrid shade,v25_52,2,Hybrid,14,30,0,0.45615583,23.44044367,3.5,1,0,0,1,0,0,0,0,0,0,0,0,0,777.7,1,25,0.042857143,0.042857143,33.33,0,1,0,11.11,11.11,1,1,0,0,0,0,0,0,0,0,0,1,1,0,0,0,2,1,0,1,0,1,1,0,0,0,0,14.8263,-11.2709127,0.068624265,-11.3437976,0,0.009474958,0,0.049835714,0,-6.161676068,-0.97092819,0,-4.211193339,NA,NA,NA,NA,NA,NA,NA,1,1,3,184,25.79999924,27,32.20000076,48.78200531
718,2,Hybrid shade,v25_53,2,Hybrid,16,30,0,1.035024003,51.59178806,3.5,1,1,1,1,0,0,0,0,0,0,0,0,0,999.9,1,25,0.044444444,0.044444444,44.44,0,1,0,11.11,22.22,1,1,0,0,0,0,1,0,0,0,0,1,1,0,0,0,2,1,0,1,0,1,1,0,0.3706575,0.3706575,0.741315,0,-9.582799171,1.295708072,-10.87071016,1.244193595,0.012633277,0,0.071921181,0,-8.384901666,-1.248336244,0,-1.237472248,2.421091892,NA,NA,NA,NA,NA,NA,2,0,1,185,25.79999924,28,32.20000076,48.32401657
722,3,Hybrid shade,v23_5,2,Hybrid,15,30,1,0.576298281,28.97746991,1.5,1,1,1,0,0,0,0,0,0,0,0,0,0,899.91,1,35,0.037037037,0.037037037,33.33,0,0,0,11.11,0,1,0,0,0,0,0,0,0,0,0,0,0,1,0,0,0,1,1,0,2,0,0,1,0,0,0.741315,0.741315,5.93052,-12.2672361,0.012226795,-12.28650415,0,0.014762467,0,0,0,-11.16300153,-1.12350262,0,0,0.684325408,0.664492825,0,0,0,6.21E-06,0.019826369,2,0,1,221,25.5,29,31.70000076,48.38496399
734,5,Amazonia,v23_18,2,Amazonia,25,50,0,0.206876306,14.49739288,3.5,2,1,0,0,0,0,0,0,0,0,0,0,0,1166.55,1,45,0.028571429,0.028571429,33.33,3,1,0,11.11,22.22,0,1,0,0,0,1,0,0,0,1,0,1,0,1,0,1,2,1,0.5,2,1,1,0,0,0.00741315,0,0.00741315,24.7105,-9.558271146,0.016121265,-9.581972637,0.005142669,0.015377168,0,0,0,-8.708137266,-0.873835371,0,0,0.405135569,NA,NA,NA,NA,NA,NA,2,0,1,199,25.60000038,28,32.09999847,48.68624115
735,2,Hybrid shade,v23_19,2,Hybrid,12,30,0,1.112120763,62.57645352,1.5,1,1,1,1,1,0,0,0,0,0,0,0,0,1577.62,1,45,0.021126761,0.021126761,33.33,1,1,0,33.33,0,0,1,0,0,0,0,0,0,0,0,0,1,0,0,0,0,1,1,0,2,0,1,0,0,0,0.3706575,0.741315,0,-13.36005749,0.017909265,-13.38435161,0,0.014762467,0,0,0,-11.41475442,-1.969597185,0,0,2.408327695,NA,NA,NA,NA,NA,NA,2,0,1,212,25.5,28,31.89999962,48.56822968
736,2,Hybrid shade,v23_20,2,Hybrid,21,30,1,0.330873595,18.31618046,1.5,2,1,1,1,0,0,0,1,0,0,0,0,0,1055.45,1,25,0.021052632,0.021052632,22.22,0,0,11.11,11.11,0,1,1,0,0,0,0,0,1,1,0,0,1,1,0,0,2,2,1,1,2,0,1,1,0,0.00741315,0,0.00741315,782.82864,-10.2623646,0.016360945,-10.29005077,0.00196334,0.008431642,0.013620163,0,0,-6.116816355,-4.173234418,0,0,0.154167503,0.146581185,0,0,0,8.32E-06,0.007578003,2,0,1,212,25.5,28,31.89999962,48.56822968
